i004asai,aidai.jpg,,33.84893,132.77057,,æ›‡ã‚Šã®æ„›åª›å¤§å­¦
i004asai,banpaku.jpg,,34.80969898792,135.5324466866,,å¤œã®å¤ªé™½ã®å¡”
i004asai,houbou.jpg,,,,,æ˜”é‡£ã£ãŸãƒ›ã‚¦ãƒœã‚¦
i004asai,kamereon.jpg,,34.806571187869,135.53365482884,,ã‚«ãƒ¡ãƒ¬ã‚ªãƒ³
i004asai,koi.jpg,2023:03:27 13:42:47,33.810836111111,132.75161666667,10.402637485971,å¤§é‡ã®é¯‰
i004asai,kouen.jpg,2023:03:19 15:26:54,34.731911111111,135.27348333333,63.617061611374,æ¢…ãŒæœ‰åãªå…¬åœ’
i004asai,nagasaki.jpg,2021:09:11 21:04:04,33.092030555556,129.79635555556,4.3956298707704,ãƒã‚¦ã‚¹ãƒ†ãƒ³ãƒœã‚¹
i004asai,niji.jpg,,35.085961483159,135.01348985527,,è™¹ãŒãã£ãã‚Š
i004asai,omurice.jpg,,33.850910293761,132.78514847117,,ãŠã„ã—ã„ã‚ªãƒ ãƒ©ã‚¤ã‚¹
i004asai,toujougawa.jpg,2019:04:08 16:24:15,34.888733333333,135.02586388889,59.575832367904,æ¡œãŒãã‚Œã„ã ã£ãŸ
i013amo,cat_shiro.jpg,,,,,ç™½ã„çŒ«
i013amo,himeji_castle.jpg,2017:01:04 11:00:52,34.8397,134.69389,,ä¸–ç•Œéºç”£ã«ç™»éŒ²ã•ã‚Œã¦ã„ã‚‹
i013amo,himeji_castle.jpg_original,2017:01:04 11:00:52,,,,
i018ikut,sika.jpg,,34.685,135.84277777778,,å¥ˆè‰¯å…¬åœ’ã®ã‚·ã‚«
i044inou,geru.jpg,2022:09:21 17:22:00,36.310122222222,138.39727777778,785.41085445167,è»½äº•æ²¢ã«ã‚ã‚‹ãƒ¢ãƒ³ã‚´ãƒ«æ°‘æ—ã®ä¼çµ±çš„ãªä½å±…
i044inou,gojuunotou.jpg,2022:09:19 16:19:36,35.713786111111,139.79663055556,0.77352525728123,äº”é‡å¡”
i044inou,karuizawa1.jpg,2022:09:21 12:34:36,36.410355555556,138.59260555556,1279.7318982387,ç™½ç³¸ã®æ»
i044inou,karuizawa2.jpg,2022:09:21 13:34:08,36.393530555556,138.61280833333,1117.4843400447,ç«œè¿”ã—ã®æ»
i044inou,kourakuen.jpg,2022:09:25 15:16:44,34.667275,133.93617222222,1.7757911846257,å²¡å±±å¾Œæ¥½åœ’
i044inou,namegawakeikoku.jpg,2021:07:24 11:52:07,33.769138888889,133.010375,615.17081447964,æ±æ¸©å¸‚ã«ã‚ã‚‹è‡ªç„¶è±Šã‹ãªè¦³å…‰åœ°
i044inou,osaka.jpg,2023:05:21 10:59:02,34.669138888889,135.50065555556,8.4631517052136,ç”»è§’å†ç¾
i044inou,simonada.jpg,2021:09:01 16:40:34,33.655216666667,132.58947777778,16.824291214561,ä¸‹ç˜é§…
i044inou,sutaba.jpg,2022:09:18 17:46:52,35.683033333333,139.76058888889,0.032341022033211,æ±äº¬ã«ã‚ã‚‹ãŠã—ã‚ƒã‚Œãªã‚¹ã‚¿ãƒ
i044inou,totyou.jpg,2022:09:19 20:33:55,35.689041666667,139.69242777778,40.94295368714,æ±äº¬éƒ½åºã®ä¸Šã‹ã‚‰æ’®ã£ãŸæ±äº¬ã®è¡—ä¸¦ã¿
i048iwai,akihabara.JPG,2023:03:08 18:09:13,35.699596,139.771136,,ç§‹è‘‰åŸé§…ã®å‘¨è¾º
i048iwai,akihabara.JPG_original,2023:03:08 18:09:13,,,,
i048iwai,gandam.JPG,2023:03:09 17:32:33,35.62445,139.77549,,ãŠå°å ´ã®ã‚¬ãƒ³ãƒ€ãƒ 
i048iwai,gandam.JPG_original,2023:03:09 17:32:33,,,,
i048iwai,kaminarimon.JPG,2023:03:09 09:46:01,35.71131,139.79632,,é›·é–€
i048iwai,kaminarimon.JPG_original,2023:03:09 09:46:01,,,,
i048iwai,kokuritu.JPG,2023:03:08 14:10:19,35.678,139.7153,,æ–°å›½ç«‹ç«¶æŠ€å ´
i048iwai,kokuritu.JPG_original,2023:03:08 14:10:19,,,,
i048iwai,kyotostation.JPG,2023:03:06 17:46:01,35.68236,139.76723,,äº¬éƒ½é§…
i048iwai,kyotostation.JPG_original,2023:03:06 17:46:01,,,,
i048iwai,sinjuku.JPG,2023:03:08 13:43:05,35.68539,139.71065,,æ–°å®¿å¾¡è‹‘
i048iwai,sinjuku.JPG_original,2023:03:08 13:43:05,,,,
i048iwai,skytree.JPG,2023:03:09 10:38:50,35.709453,139.808136,,ã‚¹ã‚«ã‚¤ãƒ„ãƒªãƒ¼
i048iwai,skytree.JPG_original,2023:03:09 10:38:50,,,,
i048iwai,tokyotower.JPG,2023:03:08 19:46:33,35.65874,139.7458,,æ±äº¬ã‚¿ãƒ¯ãƒ¼
i048iwai,tokyotower.JPG_original,2023:03:08 19:46:33,,,,
i048iwai,yotuya.JPG,2023:03:09 13:02:28,35.68529,139.72249,,ã€Œå›ã®åã¯ã€ã§æœ‰åãªå ´æ‰€
i048iwai,yotuya.JPG_original,2023:03:09 13:02:28,,,,
i053ueda,image0.jpeg,2023:07:06 10:24:43,33.845326580724,132.76221400991,,ãƒ¤ãƒã‚¶ã‚¯ãƒ©
i053ueda,image0.jpeg_original,2023:07:06 10:24:43,,,,
i053ueda,image1.jpeg,2023:07:06 10:26:15,33.845326580724,132.76221400991,,ã‚·ãƒ­ãƒ„ãƒ¡ã‚¯ã‚µ
i053ueda,image1.jpeg_original,2023:07:06 10:26:15,,,,
i053ueda,image2.jpeg,2023:07:06 10:28:35,33.845326580724,132.76221400991,,ã‚«ã‚¿ãƒãƒŸ
i053ueda,image2.jpeg_original,2023:07:06 10:28:35,,,,
i053ueda,image3.jpeg,2023:07:06 10:32:24,33.845326580724,132.76221400991,,ã‚¯ã‚¹ãƒã‚­
i053ueda,image3.jpeg_original,2023:07:06 10:32:24,,,,
i053ueda,image4.jpeg,2023:07:06 10:34:52,33.845326580724,132.76221400991,,ã‚¤ãƒãƒ§ã‚¦
i053ueda,image4.jpeg_original,2023:07:06 10:34:52,,,,
i053ueda,image5.jpeg,2023:07:06 10:38:54,33.845326580724,132.76221400991,,ã‚«ãƒ³ãƒ’ã‚¶ã‚¯ãƒ©
i053ueda,image5.jpeg_original,2023:07:06 10:38:54,,,,
i053ueda,image6.jpeg,2023:07:06 10:44:02,33.845326580724,132.76221400991,,ã‚¢ã‚«ãƒãƒ„
i053ueda,image6.jpeg_original,2023:07:06 10:44:02,,,,
i053ueda,image7.jpeg,2023:07:06 10:46:12,33.845326580724,132.76221400991,,ãŸã‚“ã½ã½
i053ueda,image7.jpeg_original,2023:07:06 10:46:12,,,,
i053ueda,image8.jpeg,2023:07:06 10:51:37,33.845326580724,132.76221400991,,ã‚¨ãƒã‚³ãƒ­ã‚°ã‚µ
i053ueda,image8.jpeg_original,2023:07:06 10:51:37,,,,
i053ueda,image9.jpeg,2023:07:06 10:54:21,33.845326580724,132.76221400991,,ã‚¯ãƒ­ãƒãƒ„
i053ueda,image9.jpeg_original,2023:07:06 10:54:21,,,,
i055ueno,1.jpeg,2022:07:27 17:53:52,,,,
i055ueno,2.jpeg,2022:10:01 13:52:04,,,,
i055ueno,3.jpeg,2022:09:13 15:31:12,,,,
i065uchi,disney.jpg,2019:08:06 14:03:25,35.6313345,139.88112827778,0,
i065uchi,himejiCastle.jpg,2022:09:04 12:16:10,34.836144699722,134.693364,53,
i065uchi,hukuyamaCastle.jpg,2022:08:31 19:57:29,34.489834899722,133.3630563,69,
i065uchi,miyajima.jpg,2022:08:19 15:00:15,34.295636,132.31586849972,37,
i068edo,3nomiya.jpg,2023:03:06 15:55:59,34.691718257599,135.19217083556,, ä¸‰å®®ã‚»ãƒ³ã‚¿ãƒ¼ãƒ—ãƒ©ã‚¶ã ã‚ˆã€‚ã¼ã£ã‹ã‘ç„¼ããã°é£Ÿã¹ã«è¡Œã“ã†ï¼ï¼
i068edo,geihoku.jpg,2022:03:09 17:09:13,34.721890750485,132.29736293675,, ãƒ¦ãƒ¼ãƒˆãƒ”ã‚¢ã‚µã‚¤ã‚ªãƒˆã®è¿‘ãã®å®¿ã ã‚ˆã€‚æ¸©æ³‰ã¨ã‚¤ãƒã‚·ã‚·é‹ãŒå ªèƒ½å‡ºæ¥ã¦æœ€é«˜ï¼ï¼
i068edo,himejijo.jpg,2023:03:09 16:35:10,34.839493001494,134.69386178135,, å§«è·¯åŸã ã‚ˆã€‚å›½å®ã§ã‚ã‚Šã€æ—¥æœ¬åˆã®ä¸–ç•Œæ–‡åŒ–éºç”£ã¨ãªã£ãŸãŠåŸã ã‚ˆï¼ï¼
i068edo,nisinikai.jpg,2023:03:10 18:34:29,34.831972690697,134.6914336703,, è¥¿äºŒéšç”ºã ã‚ˆã€‚ä»•äº‹çµ‚ã‚ã‚Šã®äººãŒãŸãã•ã‚“ã„ãŸã‚ˆï¼ï¼
i068edo,nukui.jpg,2022:03:10 10:01:22,34.632808778392,132.29864196463,, æ¸©äº•ãƒ€ãƒ ã ã‚ˆã€‚æ°´ã‚’å¤§åˆ‡ã«ã—ã‚ˆã†ï¼ï¼
i068edo,okayamajo.jpg,2023:03:11 12:13:36,34.6655303779,133.93555514706,, å²¡å±±åŸã ã‚ˆã€‚é»’ãã¦ã‹ã£ã“ã„ã„ï¼ï¼
i068edo,orizuru.jpg,2022:03:10 17:52:33,34.395764577894,132.45472601225,, ãŠã‚Šã¥ã‚‹ã‚¿ãƒ¯ãƒ¼ã ã‚ˆã€‚ã‚†ã£ãŸã‚Šã—ã¦ã„ã£ã¦ã­ã€‚
i068edo,osakajo.jpg,2023:03:07 13:20:04,34.687362936839,135.52587605439,, å¤§é˜ªåŸã ã‚ˆã€‚ã‚¨ãƒ¬ãƒ™ãƒ¼ã‚¿ãƒ¼ã‚„ç©ºèª¿ãŒã‚ã£ã¦å¿«é©ï¼ï¼
i068edo,pacifico.jpg,2021:04:28 06:48:28,35.457512446873,139.63613218405,, ãƒ‘ã‚·ãƒ•ã‚£ã‚³æ¨ªæµœã ã‚ˆã€‚æµ·å²¸æ²¿ã„ãŒãšã£ã¨æ™¯è‰²ã„ã„ï¼ï¼
i068edo,sinsekai.jpg,2023:03:08 17:17:21,34.653600466549,135.50559624493,, æ–°ä¸–ç•Œå¸‚å ´ã ã‚ˆã€‚æ–°ä¸–ç•Œã§ã™ï¼ï¼Ÿ
i071ooka,IMG_1608.JPG,2021:03:29 12:20:41,34.07351,134.3862,,
i071ooka,IMG_1664.JPG,2021:04:15 18:04:04,33.84572,132.76557,,
i071ooka,IMG_2026.JPG,2021:07:15 18:47:35,33.809370728258,132.74753646626,,
i071ooka,IMG_2434.JPG,2022:04:04 05:40:03,33.809370728258,132.74753646626,,
i071ooka,IMG_2475.JPG,2022:04:13 18:20:19,34.80933,132.74758,,
i071ooka,IMG_2475.JPG_original,2022:04:13 18:20:19,,,,
i071ooka,IMG_2882.JPG,2022:08:18 16:16:36,34.04765,134.5286,,
i071ooka,IMG_3632.JPG,2023:03:06 18:34:18,34.06259,134.51659,,
i071ooka,IMG_3632.JPG_original,2023:03:06 18:34:18,,,,
i071ooka,IMG_3670.JPG,2023:03:24 15:40:48,34.66534,133.936,,
i071ooka,IMG_3676.JPG,2023:03:24 15:58:27,33.84893,132.77057,,
i071ooka,IMG_3690.JPG,2023:03:24 16:27:21,34.66786,133.93544,,
i071ooka,IMG_3704.JPG,2023:03:26 13:18:10,34.39206,132.48462,,
i071ooka,IMG_3704.JPG_original,2023:03:26 13:18:10,33.809370728258,132.74753646626,,
i075oshi,1.jpg,2019:07:02 01:43:19,34.5966975954,132.20989318159,289.7879025923,
i075oshi,1.jpg_original,2019:07:02 01:43:19,34.596755555556,132.20964166667,289.7879025923,
i085ono,awaji.jpeg,2022:12:29 19:34:20,34.584177777778,135.01766944444,66.07885755344,æ·¡è·¯æµ·å³¡å¤§æ©‹ã‚„è¦³è¦§è»ŠãŒè¦‹ã‚‰ã‚Œã‚‹ã‚µãƒ¼ãƒ“ã‚¹ã‚¨ãƒªã‚¢
i085ono,ikku.JPG,2023:05:04 10:20:49,33.961363888889,133.27957222222,8.7151334574798,ãŠç¥­ã‚Šã§ç››ã‚Šä¸ŠãŒã‚‹å¤§ããªç¥ç¤¾
i085ono,kasenziki.jpg,2023:05:04 10:34:23,33.961711111111,133.29743888889,8.8939277478862,èŠ±ç«å¤§ä¼šãŒè¡Œã‚ã‚Œã‚‹åºƒå¤§ãªæ²³å·æ•·
i088omor,1.jpg,,35.7169588,139.7618728,,
i088omor,1.jpg_original,,,,,
i088omor,10.JPG,,35.51227640006,139.6175994,,
i088omor,10.JPG_original,,,,,
i088omor,2.JPG,,34.665446400064,135.4297579001,,
i088omor,2.JPG_original,,,,,
i088omor,3.JPG,,35.632900699913,139.877814,,
i088omor,3.JPG_original,,,,,
i088omor,4.jpg,,33.686364400023,132.63290119985,,
i088omor,4.jpg_original,,,,,
i088omor,5.jpg,,33.458368,132.4149032,,
i088omor,5.jpg_original,,,,,
i088omor,6.jpg,,34.9875936,135.75675960001,,
i088omor,6.jpg_original,,,,,
i088omor,7.jpg,,34.6720135,135.49610850004,,
i088omor,7.jpg_original,,,,,
i088omor,8.jpg,,35.625189900084,139.77305109997,,
i088omor,8.jpg_original,,,,,
i088omor,9.jpg,,35.714673800076,139.7921458,,
i088omor,9.jpg_original,,,,,
i092okad,BUENAVISTA.JPG,,33.872538700008,132.70885969999,,
i092okad,BUENAVISTA.JPG_original,,,,,
i092okad,BUENAVISTA.jpg,,,,,
i092okad,USJ.JPG,2022:10:22 20:59:13,34.667919444444,135.43525833333,6.6305580159433,
i092okad,USJ.jpg,,,,,
i092okad,bus_station.JPG,,33.84807519989,132.76925029998,,
i092okad,bus_station.JPG_original,,,,,
i092okad,bus_station.jpg,,,,,
i092okad,deer.JPG,2022:08:15 16:30:02,34.301716666667,132.32188333333,4.6361465468485,
i092okad,deer.jpg,,,,,
i092okad,hanabi.JPG,2022:08:06 20:36:46,33.861761111111,132.7117,5.6696638397875,
i092okad,hanabi.jpg,,,,,
i092okad,nami.JPG,2023:03:18 14:16:51,33.497936111111,133.57594166667,5.0355110121257,
i092okad,nami.jpg,,,,,
i092okad,osaka.JPG,2022:10:23 11:00:43,34.668902777778,135.50128055556,16.131429670224,
i092okad,osaka.jpg,,,,,
i092okad,sakura.JPG,,33.840987400019,132.7636724,,
i092okad,sakura.JPG_original,,,,,
i092okad,sakura.jpg,,,,,
i092okad,yozakura.JPG,2023:04:06 00:55:31,33.849225,132.77304166667,33.602588686481,
i092okad,yozakura.jpg,,,,,
i096okam,13-1.jpg,2023:07:12 14:15:18,33.8489685,132.77052305556,86,ã“ã“ã§ã¿ã‚“ãªæˆ¦ã£ã¦ã„ã‚‹
i096okam,13-10.jpg,2023:07:18 15:48:27,33.851245861111,132.76921080556,69,æ¾å±±å¤§å­¦ã®ä¸€éšãŠã—ã‚ƒã‚Œ
i096okam,13-2.jpg,2023:07:18 15:54:47,33.856372833333,132.76023863889,57,å­¦ç”Ÿå¯®
i096okam,13-3.jpg,2023:07:18 15:58:20,33.862033833333,132.75917052778,54,ã‹ã¤ã¦ãƒãƒ«ãƒ¨ã‚·ã ã£ãŸã‚‚ã®
i096okam,13-4.jpg,2023:07:18 15:59:23,33.862800583333,132.75898741667,57,è»¢å‹¤ãŒå¤šã„ã‚¤ãƒ¡ãƒ¼ã‚¸
i096okam,13-5.jpg,2023:07:18 16:00:56,33.86242675,132.75741575,53,æ²¼ã£ãŸã‚‰è‰¯ã„ã“ã¨ã¯ãªã„
i096okam,13-6.jpg,2023:07:18 16:01:51,33.865291583333,132.75898741667,56,é§è»Šå ´ãŒã‚„ã‘ã«åºƒã„
i096okam,13-7.jpg,2023:07:18 16:02:37,33.865291583333,132.75898741667,56,ã ã—å·»ãåµãŒãŠã„ã—ã„
i096okam,13-8.jpg,2023:07:18 16:05:39,33.86623,132.75802611111,53,å¤ã¯èšŠãŒã™ã”ã„
i096okam,13-9.jpg,2023:07:18 15:45:42,33.850685111111,132.77105711111,62,ä½¿ã‚ã‚Œã‚‹äºˆå®šã¯ã‚ã‚‹ã®ã ã‚ã†ã‹
i099okim,bikanntiku.JPG,2023:03:03 14:39:12,34.596419444444,133.77091944444,7.2231712357074,
i099okim,bikanntiku.jpg,,,,,
i099okim,karusuto.JPG,2022:11:14 13:31:05,33.469063888889,132.96316666667,1271.9567099567,
i099okim,karusuto.jpg,,,,,
i099okim,saijou.JPG,2023:05:02 15:53:15,33.883888888889,133.10758888889,102.68423076923,
i099okim,saijou.jpg,,,,,
i099okim,simonada.JPG,2022:11:14 17:37:13,33.655194444444,132.58929444444,7.59009933503,
i099okim,simonada.jpg,,,,,
i099okim,titibugahama.JPG,2022:11:03 17:10:49,34.189341666667,133.64865,10.081443786982,
i099okim,titibugahama.jpg,,,,,
i103ono,aburasoba.jpg,,33.85121,132.7652,, å¤§ç››ã€ãƒ©ãƒ¼æ²¹ã¯å¿…é ˆ
i103ono,aburasoba.jpg_original,,,,,
i103ono,azumaya.jpg,,33.83662,132.76453,, çµ¶å“ãƒ©ãƒ¼ãƒ¡ãƒ³
i103ono,azumaya.jpg_original,,,,,
i103ono,genzui.jpg,,33.85262,132.76145,,
i103ono,genzui.jpg_original,,,,,
i103ono,hanabi.jpg,,33.83972,132.76961,, ã«ã‚“ã«ãã©ã£ã‹ãƒ¼ã‚“
i103ono,hanabi.jpg_original,,,,,
i103ono,hukushige.jpg,,33.83004,132.77714,, ãŠã«ãã ã„ã™ã
i103ono,hukushige.jpg_original,,,,,
i103ono,itimonya.jpg,,33.83894,132.77,, å›ºã‚ã€æ¿ƒã„ã‚ã€å¤šã‚
i103ono,itimonya.jpg_original,,,,,
i103ono,marugame.jpg,,33.85154,132.74887,, ã‹ã—ã‚å¤©ã†ã¾ã„
i103ono,marugame.jpg_original,,,,,
i103ono,saizeria.jpg,,34.66728,133.9207,, å®‰ã•ã«æ„Ÿå‹•
i103ono,saizeria.jpg_original,,,,,
i103ono,shinshin.jpg,,33.84745,132.76145,, ãƒã‚­ãƒãƒ³ãƒãƒ³ãƒã‚­ãƒã‚­ãƒãƒ³ãƒãƒ³
i103ono,shinshin.jpg_original,,,,,
i103ono,starbacks.jpg,,33.84139,132.77028,, ã ãƒ¼ãã‚‚ã‹ãµã‚‰ãºã¡ãƒ¼ã®
i103ono,starbacks.jpg_original,,,,,
i104omur,au.JPG,2023:07:15 17:15:01,33.847488888889,132.77701111111,34,6-ã‚ªãƒ¼ã‚¹ãƒˆãƒ©ãƒªã‚¢ãŒã¾ãŸç§ã‚’å‘¼ã‚“ã§ã¾ã™ã€‚
i104omur,be.JPG,2023:07:15 17:14:54,33.847488888889,132.77701111111,34,5-ãã¾ã®è²¯é‡‘ç®±
i104omur,do.JPG,2023:07:18 17:18:53,33.847341666667,132.77696111111,37,9-PS4ã®ã‚³ãƒ³ãƒˆãƒ­ãƒ¼ãƒ©ãƒ¼ã€AirPods Proã€ãƒã‚§ã‚­ã€ä¸€çœ¼ã€ãƒ‡ã‚¸ã‚«ãƒ¡ãƒ¼ã€‚
i104omur,ehime.jpg,2023:07:12 12:49:53,33.849338888889,132.77061944444,37,0-æ„›åª›å¤§å­¦ã§ã™ã€‚
i104omur,mel.JPG,2023:07:15 17:14:27,33.847488888889,132.77701111111,34,4-ãƒ¡ãƒ«ãƒœãƒ«ãƒ³ã§ã‚ã¡ã‚ƒé«˜ã‹ã£ãŸã€‚
i104omur,mi.JPG,2023:07:15 17:14:33,33.847488888889,132.77701111111,34,3-ãƒã‚¤ã‚¯ãƒ­ã‚½ãƒ•ãƒˆã®æ ªåˆ¸
i104omur,soft.JPG,2023:07:15 17:14:44,33.847488888889,132.77701111111,34,2-åƒè³€ã¨ç”²æ–ã®ç›´ç­†ã‚µã‚¤ãƒ³Tã‚·ãƒ£ãƒ„
i104omur,syu.JPG,2023:07:18 17:19:31,33.847341666667,132.77696111111,37,8-ã“ã“ãŒä¿ºã®ä¸»æˆ¦å ´ã€‚
i104omur,tokki.JPG,2023:07:15 17:14:49,33.847488888889,132.77701111111,34,1-ã‚¦ã‚µã‚®ã®ãŠã¾ã‚‚ã‚Š
i104omur,uo.JPG,2023:07:18 17:19:12,33.847341666667,132.77696111111,37,7-é­šã§ã™ãˆã€‚
i105kaga,131DB8E2-5BFC-4987-9C3E-C21B4EADC971_1_105_c.jpeg,2021:06:14 19:52:31,,,,
i105kaga,149BA7BA-3DF1-4B78-9BAA-FF093E5FAFA5_1_105_c.jpeg,2022:03:28 23:45:37,,,,
i105kaga,2658E7C2-D70C-41A1-9D85-AEAA21B8519E_1_105_c.jpeg,2023:03:24 19:43:58,,,,
i105kaga,28B403F6-FCBF-40E9-A6E4-8CB7FAB4C5CD_1_102_o.jpeg,2022:03:28 14:18:16,,,,
i105kaga,3958DCA7-C871-4C8A-91D0-3CEA5704BBE6_1_105_c.jpeg,2022:03:28 10:40:37,,,,
i105kaga,404E56A5-10B6-495D-BEF5-413AF7A39E00_1_105_c.jpeg,2023:03:10 17:38:09,,,,
i105kaga,443D3EF7-9F42-4EAE-907C-4673E3F1BEDF.jpeg,2019:03:28 11:31:00,,,,
i105kaga,4671FE44-80E2-47B3-822A-0DF21DB0603D.jpeg,2021:03:19 11:09:06,34.797152777778,135.24868888889,393.09849521204,
i105kaga,64596BA4-74A0-481F-9FDA-841152255840_1_105_c.jpeg,2022:04:02 16:55:45,,,,
i105kaga,6471300A-9518-45B6-B56C-47E10ADD6EB2_1_105_c.jpeg,2022:03:30 11:39:02,,,,
i105kaga,6BDC559D-7E39-4D2B-8F5B-47753B95C2A0_1_105_c.jpeg,,,,,
i105kaga,78175385-B560-4BD0-BD3B-F0A724C8ED9A_1_102_o.jpeg,2022:03:28 14:38:05,,,,
i105kaga,7A390BA5-873F-47CB-9866-170672D2ADE5_1_105_c.jpeg,2021:08:25 14:38:41,,,,
i105kaga,7D07C3A7-7510-480D-82EB-C503BD343EDF_1_105_c.jpeg,2022:03:28 17:10:59,,,,
i105kaga,81C33AA6-A5F2-46B3-8915-4DB37A1DB76F_1_105_c.jpeg,,,,,
i105kaga,8E95A04F-6BDD-4A81-804C-F0CB447330F6_1_105_c.jpeg,2021:08:26 14:48:11,,,,
i105kaga,92F995F5-4F7A-4EEF-8817-F5FD35B6D571_1_105_c.jpeg,2022:03:29 10:52:18,,,,
i105kaga,966EAC4C-AEA8-43C0-AA9B-D4B9523E992A_1_102_o.jpeg,2022:03:28 21:55:59,,,,
i105kaga,9F841656-4D07-47C5-ACA0-3B80D9B8083E_1_105_c.jpeg,2022:10:16 19:23:57,,,,
i105kaga,9F9BEF4F-3FDB-4FB8-8864-4FDFAA835F44_1_105_c.jpeg,2023:03:15 19:00:03,,,,
i105kaga,AEA6418D-F7F4-442F-AAEA-F215180B642E_1_105_c.jpeg,2021:12:03 14:33:42,,,,
i105kaga,C5FFA943-1149-4FF3-82BB-A0F1152411D9_1_105_c.jpeg,2023:07:02 18:39:05,,,,
i105kaga,C682F21F-80AC-4ED0-A1B7-F2EBE25BA08E_1_105_c.jpeg,2022:10:16 11:59:35,,,,
i105kaga,C6CE63B9-A28A-454A-B123-75EDA973A6AF_1_105_c.jpeg,,,,,
i105kaga,D61C2DBB-9E33-40D6-873B-426908489186_1_105_c.jpeg,2022:09:14 16:00:33,,,,
i105kaga,F1DD617C-6681-4F60-9CA0-3B23E36F544B_1_105_c.jpeg,,,,,
i105kaga,F269EDBD-FDC6-4AC3-8429-1A00F152A394_1_105_c.jpeg,,,,,
i105kaga,F2AAACE6-A0ED-47DC-B9B4-5D8C58DCF5C2_1_105_c.jpeg,2022:03:30 11:51:19,,,,
i105kaga,F2FC608D-A572-4D32-9A6A-E3A69AC2BD22.jpeg,2021:08:26 15:30:13,33.316738888889,131.46884166667,175.47848699764,
i105kaga,F82555F9-99F0-49F2-AF98-81E2F140BBEC_1_105_c.jpeg,2022:03:27 11:21:44,,,,
i105kaga,FAE2955C-4E3D-4B0E-93CA-F9C346FFEC1E_1_102_o.jpeg,2022:03:27 21:50:45,,,,
i116iked,1.jpeg,2023:05:04 16:07:28,34.295877777778,132.31993611111,,å³å³¶ç¥ç¤¾ å¹²æ½®
i116iked,10.jpeg,2021:12:27 12:26:37,35.62575,139.88437222222,, æ±äº¬ãƒ‡ã‚£ã‚ºãƒ‹ãƒ¼ã‚·ãƒ¼
i116iked,2.jpeg,2023:06:17 14:30:46,35.710013888889,139.81074722222,,æ±äº¬ã‚¹ã‚«ã‚¤ãƒ„ãƒªãƒ¼
i116iked,3.jpeg,2023:03:16 13:40:04,34.654583333333,135.42888611111,, æµ·éŠé¤¨
i116iked,4.jpeg,2023:03:15 18:59:19,34.678836111111,135.18067222222,,ç¥æˆ¸ãƒãƒ¼ãƒãƒ¼ãƒ©ãƒ³ãƒ³ãƒ‰
i116iked,5.jpeg,2023:03:15 12:11:04,34.688169444444,135.18810277778,,ç¥æˆ¸å—äº¬ç”ºã®ãƒ‘ãƒ³ãƒ€
i116iked,6.jpeg,2023:03:10 15:11:55,34.232411111111,134.63787222222,,å¤§å¡šå›½éš›ç¾è¡“é¤¨â€çœŸç ã®è€³é£¾ã‚Šã®å°‘å¥³â€
i116iked,7.jpeg,2022:12:30 12:03:16,33.565888888889,130.44127222222,,Î½ã‚¬ãƒ³ãƒ€ãƒ 
i116iked,8.jpeg,2022:11:12 16:30:09,35.039513888889,135.72844722222,,é‡‘é–£å¯º
i116iked,9.jpeg,2022:11:11 20:40:06,34.705202777778,135.49836944444,,ã¡ã„ã‹ã‚ãƒ©ãƒ³ãƒ‰å¤§é˜ªæ¢…ç”°åº—
i126kawa,sakyuu.jpg,,35.54429,134.23338,,
i126kawa,sakyuu.jpg_original,,,,,
i126kawa,togetukyo.jpg,,35.0129,135.67773,,
i126kawa,togetukyo.jpg_original,,,,,
i126kawa,tokyo_tower.jpg,,35.65866,139.74542,,
i126kawa,tokyo_tower.jpg_original,,,,,
i132doi,IMG_0047.JPG,,,,,é™å²¡å¸‚ã«ã‚ã‚‹é’è‘‰ãŠã§ã‚“è¡—
i132doi,IMG_4705.JPG,,,,,å¤©ç©ºã®é³¥å±…ã‹ã‚‰è¦‹ãŸå¤œæ™¯
i147kuzu,IMG_1.jpg,2021:03:29 15:37:23,34.295805522249,132.34199365309,,åŒ…ãƒ¶æµ¦ã®æµœè¾º
i147kuzu,IMG_10.jpg,2023:03:19 14:19:59,34.404273814322,132.45971686778,,æ¯æ ¡ã®ä¸­åº­
i147kuzu,IMG_2.jpg,2022:01:03 09:46:51,35.369808544847,132.7576853409,,ç¥–çˆ¶ãŒé£¼ã£ã¦ã„ã‚‹çŒ«
i147kuzu,IMG_3.jpg,2021:08:07 14:06:11,33.892242697849,132.70301512114,,ãƒ•ã‚§ãƒªãƒ¼ã‹ã‚‰è¦‹ãŸä¹åä¹å³¶
i147kuzu,IMG_4.jpg,2022:04:02 16:51:13,34.368660973722,132.49124046994,,é»„é‡‘å±±ã‹ã‚‰è¦‹ãŸãƒ•ã‚§ãƒªãƒ¼
i147kuzu,IMG_5.jpg,2021:12:09 14:47:07,33.845766143292,132.76547371392,,æ¾å±±åŸã®ç´…è‘‰
i147kuzu,IMG_6.jpg,2022:04:30 15:47:35,34.399007848226,132.4579337649,,ã“ãã¾ã¡ã‚ƒã‚“å±•
i147kuzu,IMG_7.jpg,2022:04:30 15:48:43,34.398552528654,132.45812195716,,ã²ã‚ã—ã¾ç¾è¡“é¤¨
i147kuzu,IMG_8.jpg,2022:08:16 13:51:09,34.399007848226,132.4579337649,,å‡ºé›²å¤§ç¤¾è¿‘ãã§é£Ÿã¹ãŸå‡ºé›²ãã°
i147kuzu,IMG_9.jpg,,33.844222167809,132.77214631268,,ã”ã„ã¡
i153kuma,p0.jpg,2023:07:12 15:02:06,33.849197222222,132.7696,143,æ„›åª›å¤§å­¦
i153kuma,p1.jpg,2023:07:12 14:59:57,33.849525,132.77019444444,89,
i175koma,ibu1.jpg,,33.789813982148,132.71617662394,,
i182sait,ehime_uni.jpg,,33.84893,132.77057,,
i182sait,ehime_uni.jpg_original,,,,,
i187saek,1,187h.jpg,,,,,
i187saek,1,187h.jpg_original,,,,,
i187saek,2,187h.jpg,,,,,
i187saek,2,187h.jpg_original,,,,,
i198sasa,fish.jpg,,33.46292,132.42313,,é­š
i198sasa,fish.jpg_original,,,,,
i198sasa,friend.jpg,,33.68645,132.63546,,å‹é”
i198sasa,friend.jpg_original,,,,,
i206shig,IMG0.jpg,2023:03:15 12:11:55,33.655047222222,132.5894,16.930625285258,ä¸‹ç˜é§…
i206shig,IMG1.jpg,2019:05:15 15:20:42,43.768536111111,142.47880555556,177.49959935897,æ—­å±±å‹•ç‰©åœ’
i206shig,IMG2.jpg,2019:05:16 14:28:52,42.636630555556,142.157975,63.541080472707,å·æ‘ã‚«å­ãƒˆã‚¢ã‚¤ãƒŒè¨˜å¿µé¤¨
i206shig,IMG3.jpg,2019:05:17 12:16:52,43.066947222222,141.349975,22.135715483979,æœ­å¹Œé§…
i206shig,IMG4.jpg,2019:08:08 09:06:22,34.667808333333,135.43515,15.592255864924,USJ
i206shig,IMG5.jpg,2019:08:08 23:42:43,34.583911111111,135.01757777778,67.707607309817,èµ¤çŸ³æµ·å³¡å¤§æ©‹
i206shig,IMG6.jpg,2019:08:20 11:39:28,34.405077777778,132.71269166667,226.96606118547,åºƒå³¶å¤§å­¦
i206shig,IMG7.jpg,2021:10:09 13:07:17,34.248577777778,133.00393611111,13.043517844137,å¤§å±±ç¥‡ç¥ç¤¾
i206shig,IMG8.jpg,2022:01:03 12:46:04,34.4197,131.06314166667,39.667618141453,é’æµ·å³¶
i206shig,IMG9.jpg,2023:03:08 13:05:57,34.394805555556,132.45297222222,4.9112775609241,åŸçˆ†ãƒ‰ãƒ¼ãƒ 
i213shim,ciatre.jpg,2022:05:16 11:32:07,34.71166,135.50412,,ciatre
i213shim,ã‚¢ãƒ³ãƒ‘ãƒ³ãƒãƒ³.jpg,2022:11:10 09:57:20,33.84893,132.77057,,ã‚¢ãƒ³ãƒ‘ãƒ³ãƒãƒ³
i213shim,ãƒ‹ã‚¸ã‚²ãƒ³ãƒãƒ¢ãƒª.jpg,2021:10:24 16:09:45,34.574152777778,135.0047,138.83572659391,ãƒ‹ã‚¸ã‚²ãƒ³ãƒãƒ¢ãƒª
i213shim,å¤©ç¥ã‚¯ãƒªã‚¹ãƒã‚¹ãƒãƒ¼ã‚±ãƒƒãƒˆ.jpg,2021:11:27 17:16:25,33.59009,130.4015,,å¤©ç¥ã‚¯ãƒªã‚¹ãƒã‚¹ãƒãƒ¼ã‚±ãƒƒãƒˆ
i213shim,å®®å³¶.jpg,2022:08:08 17:49:05,34.31413,132.31933,,å®®å³¶
i213shim,å±±è³Š.JPG,2022:04:09 20:48:24,34.32518,131.93963,,å±±è³Š
i213shim,çŸ³éšå±±.jpg,2022:10:16 13:26:35,33.77298,133.12622,,
i213shim,ç¾è¦³åœ°åŒº.jpg,2023:06:15 13:43:41,34.59589,133.77183,,ç¾è¦³åœ°åŒº
i223sugi,IMG_0045.JPEG,2022:11:05 15:27:59,33.857236111111,132.76101666667,24.65606307776,æˆæ¥­å†™çœŸ
i227zeni,13.1.jpg,,33.914984783735,133.18368620826,,
i227zeni,13.10.jpg,,33.820402712572,132.80469821571,,
i227zeni,13.2.jpg,,33.90016,133.1051,,
i227zeni,13.3.jpg,,34.07083,132.97527,,
i227zeni,13.4.jpg,,33.75173,132.72895768834,,
i227zeni,13.5.jpg,,35.63334,139.8803,,
i227zeni,13.6.jpg,,35.646053045628,139.78433996979,,
i227zeni,13.7.jpg,,35.658956717114,139.74519432466,,
i227zeni,13.8.jpg,,33.976185803179,133.03459037704,,
i227zeni,13.9.jpg,,34.064097822242,133.00670364749,,
i237taka,20230712_130251.jpg,2023:07:12 13:02:51,33.8489626,132.7705291,86, æ„›åª›å¤§å­¦
i237taka,ehime_college.jpg,,,,,
i237taka,matsuyama_castle.jpg,,,,,
i238taka,photo1.jpg,,33.83679,132.769981,,ãŠã‚‹ãŒã‚“ã®ãƒ‘ã‚¹ã‚¿ã‚°ãƒ©ã‚¿ãƒ³æ± ç”°ã•ã‚“ã¨è¡Œãã¾ã—ãŸã€‚
i238taka,photo1.jpg_original,,,,,
i238taka,photo10.jpg,,33.751696,132.705582,,æ¯æ ¡(ä¸­å­¦)ã®å†…éƒ¨
i238taka,photo10.jpg_original,,,,,
i238taka,photo11.jpg,,35.73191,139.716044,,æ±äº¬ãƒªãƒ™ãƒ³ã‚¸ãƒ£ãƒ¼ã‚ºåŸç”»å±•é–‹å‚¬ã«éš›ã—ã¦æ± è¢‹å‘¨è¾ºã§ã‚³ãƒ©ãƒœ
i238taka,photo11.jpg_original,,,,,
i238taka,photo12.jpg,,33.840223,132.761424,,ãƒ‡ãƒ–çŒ«ã¡ã‚ƒã‚“ã®ã¾ã‚‹ã€‚
i238taka,photo12.jpg_original,,,,,
i238taka,photo13.jpg,,33.845179,132.76628899988,,æ¾å±±åŸã®4æœˆã®æ¡œ(3å¹´å‰)
i238taka,photo13.jpg_original,,,,,
i238taka,photo14.jpg,,33.851218,132.765242,,æ²¹ãã°å‘¨å¹³ã§é£Ÿã„ã™ãã§ç„¡äº‹æ­»äº¡ã—ãŸã‚„ã¤
i238taka,photo14.jpg_original,,,,,
i238taka,photo15.jpg,,33.759194,132.708043,,ã‚°ãƒ©ãƒ³ã‚·ã‚§ãƒ•é«˜å‚ã§é£Ÿäº‹å¾Œã®ã‚‚ã†ä¸€æ¯
i238taka,photo15.jpg_original,,,,,
i238taka,photo16.jpg,,33.79262,132.837075,,èŠ¯ã›ã‹ã„æ±æ¸©æœ¬åº—ã«ã¦ãƒ©ãƒ¼ãƒ¡ãƒ³
i238taka,photo16.jpg_original,,,,,
i238taka,photo17.jpg,,33.787042,132.716241,,ã‚¨ãƒŸãƒ•ãƒ«å‰ã®å®‡å’Œå³¶ãƒã‚¹ã®ãƒã‚¹åœã§ã®ä¸€æš
i238taka,photo17.jpg_original,,,,,
i238taka,photo18.jpg,,33.840796,132.770176,,ãƒ—ãƒ­ãƒ³ãƒˆã§æ¨ã—ã‚’å½“ã¦ãŸï½µï½²ï¾—
i238taka,photo18.jpg_original,,,,,
i238taka,photo19.jpg,,33.862393,132.7102490001,,ä¸‰æ´¥æµœã®èŠ±ç«å¤§ä¼š
i238taka,photo19.jpg_original,,,,,
i238taka,photo2.jpg,,33.836218,132.75865099993,,æ¯æ ¡ã®é–€
i238taka,photo2.jpg_original,,,,,
i238taka,photo20.jpg,,35.661958,139.700812,,ï¾€ï¾œï¾šï½º
i238taka,photo20.jpg_original,,,,,
i238taka,photo21.jpg,,35.710964,139.796316,,æµ…è‰å¯ºã§ãƒ“ãƒ¼ãƒ«ç‰‡æ‰‹ã«é£²ã¿æ­©ã„ãŸï½³ï¾ã‚‰(4ä»¶ç›®ã§å‹äººãŒåã)
i238taka,photo21.jpg_original,,,,,
i238taka,photo22.jpg,,35.532846,139.708846,,å·å´ç«¶é¦¬å ´ã«ã¦åˆã®é¦¬åˆ¸è³¼å…¥
i238taka,photo22.jpg_original,,,,,
i238taka,photo23.jpg,,35.443449,139.646048,,æ¨ªæµœä¸­è¯è¡—
i238taka,photo23.jpg_original,,,,,
i238taka,photo24.jpg,,35.668646,139.709248,,è¡¨å‚é“ã€Œ&t cafeã€ãƒªã‚¾ãƒ¼ãƒˆé¢¨éš ã‚Œå®¶ã‚«ãƒ•ã‚§ã€‚ãŠã—ã‚ƒã‚Œã«ãªã‚ã†ã€‚
i238taka,photo24.jpg_original,,,,,
i238taka,photo25.jpg,,33.78922,132.716049,,ã‚¨ãƒŸãƒ•ãƒ«ã®ã‚¹ã‚¿ãƒ
i238taka,photo25.jpg_original,,,,,
i238taka,photo26.jpg,,,,,ï¾ï½·ã£ã¦åå¯¾è»Šç·šã‹ã‚‰æ’®å½±ã—ãŸã‚¢ãƒ‘ãƒ›ãƒ†ãƒ«ãƒ—ãƒ©ã‚¤ãƒ‰å›½ä¼šè­°äº‹å ‚å‰
i238taka,photo27.jpg,,,,,è¿·å­ã«ãªã£ãŸæ±äº¬é§…
i238taka,photo28.jpg,,,,,ç¯‰åœ°ã€Œæµ·é®®ä¸¼ã¾ã‚‹ããŸã€3000å††ã¯æŒã£ã¦è¡Œã“ã†ã€‚
i238taka,photo29.jpg,,,,,ç¯‰åœ°ã®ã™ã—ã–ã‚“ã¾ã„
i238taka,photo3.jpg,,33.75642,132.701627,,æ „é¤Šå¯ºã¨ã„ã†å‹äººã®å¯ºã§ã™ã€‚
i238taka,photo3.jpg_original,,,,,
i238taka,photo30.jpg,,,,,æ—¥æœ¬æ­¦é“é¤¨ã€ŒEveã€ã¨ã„ã†ã‚¢ãƒ¼ãƒ†ã‚£ã‚¹ãƒˆã®ãƒ©ã‚¤ãƒ–ã«è¡Œãã¾ã—ãŸã€‚ä»Šå¹´ã‚‚è¡Œãã¾ã™ã€‚
i238taka,photo31.jpg,,,,,ï¾ï½·ã£ã¦åå¯¾è»Šç·šã‹ã‚‰æ’®å½±ã—ãŸæ­Œèˆä¼åº§
i238taka,photo32.jpg,,,,,ãƒã‚¸ãƒã‚­ã‚«ãƒ•ã‚§
i238taka,photo33.jpg,,,,,æ–°å®¿æ€ã„å‡ºæ¨ªä¸
i238taka,photo34.jpg,,,,,ä¸‰æ´¥æµœã€ŒICOI CAFEã€
i238taka,photo35.jpg,,,,,å›½ä¼šè­°äº‹å ‚
i238taka,photo36.jpg,,,,,ãƒ­ãƒ¼ãƒ—ã‚¦ã‚§ã‚¤è¡—ã€Œç‚­ãƒå®¶ã¨ã•ã‹ã€æ± ç”°ã•ã‚“ã¨è¡Œãã¾ã—ãŸ
i238taka,photo37.jpg,,,,,æŸæœ¬ã€ŒAmelieã€ãƒ‘ãƒ³ã‚±ãƒ¼ã‚­
i238taka,photo38.jpg,,,,,å¤§è¡—é“ã€Œdining vudoriã€æ± ç”°ã•ã‚“ã¨è¡Œãã¾ã—ãŸ
i238taka,photo39.jpg,,,,,ã€Œ21æ™‚ã«ã‚¢ã‚¤ã‚¹ã€honeyã¨darlingã¨è¡Œãã¾ã—ãŸ
i238taka,photo4.jpg,,33.837085,132.77012,,çŒ«ã‚«ãƒ•ã‚§ã®çŒ«ï¾ï½­ãƒ¯
i238taka,photo4.jpg_original,,,,,
i238taka,photo40.jpg,,,,,ã€Œblue flamingoã€ãŠé«˜ã„ãƒãƒ¼
i238taka,photo41.jpg,,,,,ã€Œãã‚‰ã¨ã‚‚ã‚Šã€darlingã¨è¡Œãã¾ã—ãŸã€‚
i238taka,photo42.jpg,,,,,ã‹ã¶ãã¨ã„ã†å±…é…’å±‹ã§ã™ã€‚å…¥å£ãŒãŠã‚·ãƒ£
i238taka,photo43.jpg,,,,,ã‚«ãƒ•ã‚§ã‚¢ãƒ¬ã‚°ãƒªã‚¢
i238taka,photo44.jpg,,,,,è›ã¨ã„ã†å±…é…’å±‹darlingã¨è¡Œãã¾ã—ãŸ
i238taka,photo45.jpg,,,,,é†¤å’Œå ‚
i238taka,photo46.jpg,,,,,å±…é…’å±‹ã§honeyã¨é£Ÿã¹ãŸï½¶ï½´ï¾™ã®ã‹ã‚‰æšã’
i238taka,photo47.jpg,,,,,sumireã§ã™ã€‚èª°ã¨ã„ã£ãŸå†™çœŸã‹ã‚ã‹ã‚‰ãªã„ã€‚
i238taka,photo48.jpg,,,,,é¢¨é›²ä¸¸ã§ã™ã€‚çˆ¶ã¨è¡Œãã¾ã—ãŸã€‚
i238taka,photo49.jpg,,,,,å¤§å¯è³€é‡£ã‚Šå…¬åœ’å‘¨è¾ºã§ã‚„ã‚“ã¡ã‚ƒãªéŠã³ã—ãŸæ™‚ã®å†™çœŸ
i238taka,photo5.jpg,,34.296311,133.796276,,ä¸¸äº€ã®ãŠã†ã©ã‚“
i238taka,photo5.jpg_original,,,,,
i238taka,photo50.jpg,,,,,ã‚¨ãƒŸãƒ•ãƒ«å†…ã®ãƒ‘ãƒ³ã‚±ãƒ¼ã‚­å±‹ã•ã‚“
i238taka,photo51.jpg,,,,,ãƒ‰ãƒ³ãƒ»ã‚­ãƒ›ãƒ¼ãƒ†ã«ã‚«ãƒã‚³ãƒŸ(!?)
i238taka,photo52.jpg,,,,,ãã‚‰ã—ã¨çˆç²ã§darlingã¨æœé£Ÿ
i238taka,photo53.jpg,,,,,åˆ¥å­éŠ…å±±ã§ç ‚é‡‘å–ã‚Šã—ãŸdarlingã¨ã€‚
i238taka,photo54.jpg,,,,,é«˜çŸ¥çœŒæ¢¼åŸã®éšˆç ”å¾ã®å»ºç¯‰ç‰©ã€Œé›²ã®ä¸Šã®æ¸©æ³‰ã€
i238taka,photo55.jpg,,,,,æ¢¼åŸç”ºã®å›³æ›¸é¤¨
i238taka,photo56.jpg,,,,,å‹å±±å”é£Ÿã€‚å¤§é£Ÿã„ã«è‡ªä¿¡ã®ã‚ã‚‹ã‹ãŸã©ã†ãã€‚
i238taka,photo57.jpg,,,,,é­šã¨ã¦ã‚“ã·ã‚‰ã€‚
i238taka,photo58.jpg,,,,,ä¸‰æ—¥æœˆã¨ã‚«ãƒ•ã‚§
i238taka,photo59.jpg,,,,,ã€Œcafe robã€
i238taka,photo6.jpg,,33.498669,133.575515,,æ¡‚æµœ(å‚æœ¬é¾é¦¬ï¾—ï¾ï½»ï½°)
i238taka,photo6.jpg_original,,,,,
i238taka,photo60.jpg,,,,,ã€Œç™½çŸ³é¾ç¥ç¤¾ã€honeyã¨è¡Œãã¾ã—ãŸã€‚
i238taka,photo61.jpg,,,,,å°¾é“ã¾ã§è»Šã§ã€‚
i238taka,photo62.jpg,,,,,åŠã£ã¡ã‚ƒã‚“ã‚¹ã‚¿ã‚¸ã‚¢ãƒ 2023-07-15ä¼Šäºˆé«˜æ ¡vså¼“å‰Šå•†èˆ¹
i238taka,photo7.jpg,,33.848441,132.775374,,æ–°å€‰ã®ã¤ã‘éºº
i238taka,photo7.jpg_original,,,,,
i238taka,photo8.jpg,,33.840105,132.769946,,ã‚¢ãƒãƒ³ãƒ€ã§ã®ã²ã¨æ™‚
i238taka,photo8.jpg_original,,,,,
i238taka,photo9.jpg,,33.833571,132.770194,,æŸ³äº•ç”ºå•†åº—è¡—ã®ã‹ãæ°·
i238taka,photo9.jpg_original,,,,,
i239taka,13-1.JPG,2021:11:14 17:28:03,34.213019444444,133.87965277778,135.6529209622,
i239taka,13-2.JPG,2021:10:24 17:09:06,34.119952777778,133.03343333333,303.73385214008,
i239taka,13-3.JPG,2021:11:14 12:43:39,34.183716666667,133.81199722222,168.82305906629,
i239taka,13-4.JPG,2021:11:30 14:57:39,33.836738888889,132.769225,28.377595876914,
i245taka,ehimeuniv.JPG,2023:07:13 15:49:01,33.850175,132.77295,28.775684380032,æ„›åª›å¤§å­¦å†…ã®ä¸¦æœ¨é“
i247taka,thumbnail_image0.jpg,,33.848334458265,132.78678246235,,
i247taka,thumbnail_image0.jpg_original,,,,,
i247taka,thumbnail_image2.jpg,,34.166019459647,133.8905167756,,
i247taka,thumbnail_image2.jpg_original,,,,,
i254tana,view1.jpg,,,,,
i254tana,view2.jpg,2022:09:06 13:52:18,,,,
i254tana,view3.jpg,2022:09:06 14:29:16,,,,
i254tana,view4.jpg,,,,,
i254tana,view5.jpg,,,,,
i254tana,view6.jpg,2023:05:03 14:46:14,,,,
i254tana,view7.jpg,2023:05:05 17:29:14,,,,
i254tana,view8.jpg,2023:05:06 11:41:02,,,,
i254tana,view9.jpg,2021:03:12 14:36:54,,,,
i258take,ã¿ã‚…ã‚“.jpg,,,,,ãƒã‚¤ãƒˆã®æ›´è¡£å®¤ã®å¤©äº•
i259taji,ŠDƒP•ô.jpg,,,,,
i259taji,Â“‡.jpg,,33.73638,132.4858,,
i259taji,Â“‡.jpg_original,,,,,
i259taji,ã™ã¿ã‚Œ.jpg_original,2023:02:23 22:12:26,,,,
i259taji,ã™ã¿ã‚Œ.jpgï¼šå‘³å™Œãƒ©ãƒ¼ãƒ¡ãƒ³ãŒæœ‰åï¼,2023:02:23 22:12:26,43.06244,141.38235,,
i259taji,ä¸–ç¾…é«˜åŸ.jpg_original,2022:08:19 16:25:47,,,,
i259taji,ä¸–ç¾…é«˜åŸ.jpgï¼šæ²¢å±±ã®èŠ±ã€…ï¼,2022:08:19 16:25:47,34.65573,133.04382,,
i259taji,å†…å­åº§.jpg_original,2023:05:14 15:10:05,,,,
i259taji,å†…å­åº§.jpgï¼šä¼çµ±çš„ãªå»ºç‰©,2023:05:14 15:10:05,33.551661,132.650932,,
i259taji,å’Œæ­Œå±±åŸ.jpg_original,2022:11:12 14:55:14,,,,
i259taji,å’Œæ­Œå±±åŸ.jpgï¼šè¿‘ãã«,2022:11:12 14:55:14,34.22789,135.17185,,
i259taji,å¤§è¦³å³°.jpg_original,2022:09:16 14:53:11,,,,
i259taji,å¤§è¦³å³°.jpgï¼šå¤§å™´ç«ï¼,2022:09:16 14:53:11,32.99849,131.0675,,
i259taji,å®®å³¶.jpg,,34.27639,132.30515,,
i259taji,å®®å³¶.jpg_original,,,,,
i259taji,å°æ¨½.jpg_original,2023:02:24 17:59:06,,,,
i259taji,å°æ¨½.jpgï¼šç¶ºéº—ãªå¤œæ™¯ï¼,2023:02:24 17:59:06,43.203432,140.99992,,
i259taji,æ¡œå³¶.jpg_original,2022:09:15 13:05:30,,,,
i259taji,æ¡œå³¶.jpgï¼šå¤§å™´ç«,2022:09:15 13:05:30,31.588045,130.649888,,
i259taji,æ·¡è·¯ã‚±å³ .jpg_original,2023:06:16 18:16:09,,,,
i259taji,æ·¡è·¯ã‚±å³ .jpgï¼šæ¾å±±ã‚’ä¸€æœ›ï¼,2023:06:16 18:16:09,33.831646,132.81029,,
i259taji,ç°ã‚±å³°.jpg,,,,,
i259taji,é›·é–€.jpg_original,2023:02:21 17:24:41,,,,
i259taji,é›·é–€.jpgï¼šã‚³ãƒ­ãƒƒã‚±ãŒç¾å‘³ã—ã„,2023:02:21 17:24:41,35.757845,139.883678,,
i259taji,é’å³¶.jpg_original,,,,,
i259taji,é’å³¶.jpgï¼šçŒ«ãŒæ²¢å±±ï¼,,33.73574,132.48364,,
i269tani,ZeppNagoya.jpg,2023:01:25 16:29:55,35.16352,136.88741,,
i269tani,ZeppOsakaBayside.jpg,2023:03:03 20:37:25,34.662163372859,135.43517719325,,
i269tani,ã‚ã¹ã®ãƒãƒ«ã‚«ã‚¹.jpg,2023:05:19 20:17:04,34.646353044098,135.51350392202,,
i269tani,ãƒã‚«ä¸€ä»£.jpg,2023:03:22 11:23:58,34.336865728621,134.05852180675,,
i269tani,ãƒ¦ãƒ‹ãƒãƒ¼ã‚µãƒ«ã‚¹ã‚¿ã‚¸ã‚ªã‚¸ãƒ£ãƒ‘ãƒ³.jpg,,34.667857256683,135.43526552437,,
i269tani,åå¤å±‹åŸ.jpg,2023:01:26 14:08:27,35.184890398435,136.89962929145,,
i269tani,æ —æ—å…¬åœ’.jpg,2023:03:22 13:55:18,34.329643377229,134.04425047336,,
i269tani,æµ·éŠé¤¨.jpg,2023:05:19 18:36:32,34.654653202774,135.42891229113,,
i269tani,çŸ¢å ´ã¨ã‚“æœ¬åº—.jpg,2023:01:26 11:57:24,35.161800895952,136.90624146441,,
i269tani,é«˜æ¾festhalle.jpg,2023:03:21 20:05:19,34.338285185572,134.05220173188,,
i273tama,DSC_0242.JPG,2023:07:12 15:03:40,33.849166666667,132.77083333333,64, åºƒå ´ã®æœ¨
i273tama,DSC_0244.JPG,2023:07:12 18:02:28,33.849166666667,132.7725,, æ„›åª›å¤§å­¦ã®æ­£é–€
i273tama,DSC_0245.JPG,2023:07:12 18:04:24,33.849166666667,132.77138888889,63, å±‹å¤–ã®æœ¨ãŒã„ã£ã±ã„ã‚ã‚‹åº§ã‚Œã‚‹ã¨ã“ã‚
i273tama,DSC_0246.JPG,2023:07:12 18:10:52,33.851111111111,132.76916666667,69, æ¾å±±å¤§å­¦æ­£é–€
i273tama,DSC_0247.JPG,2023:07:12 18:14:53,33.848055555556,132.76944444444,, è¸åˆ‡ã®éŸ³ãŒãƒ•ã‚¡ãƒ³ãƒ•ã‚¡ãƒ³ãƒ•ã‚¡ãƒ³ã®ã¨ã“ã‚
i273tama,DSC_0248.JPG,2023:07:12 18:21:19,33.8475,132.77444444444,66, 18æ™‚ã«ãªã‚‹ã¨è›ã®å…‰ãŒã“ã®è¾ºã§æµã‚Œã‚‹
i273tama,DSC_0249.JPG,2023:07:12 18:31:11,33.843055555556,132.77916666667,, ã‚¹ã‚¹ãƒªãƒ¼ãƒ«ãŒãŠã„ã—ã„
i273tama,DSC_0250.JPG,2023:07:12 18:36:58,33.838055555556,132.7825,96, çŸ³æ‰‹å·ä¸Šã®æ©‹ã®ä¸€ã¤
i273tama,DSC_0251.JPG,2023:07:13 08:04:38,33.836944444444,132.78666666667,71, ãƒ‘ãƒ³ãƒ€
i273tama,DSC_0252.JPG,2023:07:13 08:12:14,33.846111111111,132.78361111111,72, æ¾å±±ç’°çŠ¶ç·šé–‹é€šè¨˜å¿µã®ã‚ªãƒ–ã‚¸ã‚§
i279tera,serakougenn.jpg,2019:05:04 13:36:27,34.654391666667,133.04194722222,502.16927592955,åºƒå³¶çœŒä¸–ç¾…éƒ¡ã«ã‚ã‚‹ä¸–ç¾…é«˜åŸè¾²å ´ã®ãƒãƒ©åœ’
i279tera,tanegashima.jpg,2019:06:12 13:40:06,30.392094444444,130.96147222222,68.73105892778,ç¨®å­å³¶å®‡å®™ã‚»ãƒ³ã‚¿ãƒ¼
i283toki,photo10.jpg,,34.00534,133.05135,,æ¡œäº•æµ·æµœå…¬åœ’
i283toki,photo11.jpg,,34.05696,132.98581,,ä»Šæ²»è¥¿é«˜æ ¡
i283toki,photo12.jpg,,34.06405,132.99406,,ä»Šæ²»é§…
i283toki,photo13.jpg,,34.06524,132.98872,,ä»Šæ²»åŒ—é«˜æ ¡
i283toki,photo14.jpg,,34.05598,132.98926,,ä»Šæ²»å—é«˜æ ¡
i283toki,photo15.jpg,,34.0239,133.03512,,ä»Šæ²»æ±é«˜æ ¡
i283toki,photo16.jpg,,34.05134,132.99596,,ä»Šæ²»å·¥æ¥­é«˜æ ¡
i283toki,photo17.jpg,,34.06323,132.99699,,ä»Šæ²»å¸‚ç«‹ç«‹èŠ±ä¸­å­¦æ ¡
i283toki,photo18.jpg,,34.06323,133.00689,,ä»Šæ²»åŸ
i283toki,photo19.jpg,,34.05918,132.92872,,è—¤å±±å¥åº·å…¬åœ’
i286tosa,anpanman.jpg,,35.4634,139.62894,,æ¨ªæµœã‚¢ãƒ³ãƒ‘ãƒ³ãƒãƒ³ãƒŸãƒ¥ãƒ¼ã‚¸ã‚¢ãƒ 
i286tosa,anpanman.jpg_original,,,,,
i286tosa,photo1.jpg,,33.52043,132.39842,,å¹³å®¶è°·ãã†ã‚ã‚“æµã—
i286tosa,photo1.jpg_original,,,,,
i291naga,photo1.jpg,,34.0753,134.55067,,å¾³å³¶é§…ã®ã‚¹ã‚¿ãƒ¼ãƒãƒƒã‚¯ã‚¹
i291naga,photo1.jpg_original,,,,,
i291naga,photo2.jpg,,35.66672,139.70478,,ã‚³ãƒ”ãƒ©ãƒªã‚¢ãƒ³æ±äº¬åº—ã®ã‚³ãƒ¼ãƒ’ãƒ¼ã‚¼ãƒªãƒ¼
i291naga,photo2.jpg_original,,,,,
i291naga,photo3.jpg,,34.66755,133.93502,,å¾Œæ¥½åœ’ã«ã‚ã‚‹ç¢§æ°´åœ’ã®ãã³ã ã‚“ã”
i291naga,photo3.jpg_original,,,,,
i291naga,photo4.jpg,,33.81934,132.80516,,ãã‚‰ã¨ã‚‚ã‚Š
i291naga,photo4.jpg_original,,,,,
i298naka,USJ.JPG,,34.667993328225,135.4303182437,,æ–°ã‚¨ãƒªã‚¢ã®ãƒãƒªã‚ªã®ã‚„ã¤ã§ã™
i298naka,USJ.JPG_original,,,,,
i298naka,arinkomoudash.JPG,,43.19939457454,140.99289197791,,åŒ—æµ·é“ã®ã‚ªãƒ ãƒ©ã‚¤ã‚¹å±‹ã§ã™
i298naka,arinkomoudash.JPG_original,,,,,
i298naka,cyuukagai.jpg,,34.688201332708,135.18808707492,,æœ‰åãªä¸­è¯è¡—ã€è‚‰ã¾ã‚“ãŒãŠã„ã—ã„
i298naka,cyuukagai.jpg_original,,,,,
i298naka,guriko.jpg,,34.669084261078,135.50136233194,,æœ‰åãªå¤§é˜ªã®çœ‹æ¿
i298naka,guriko.jpg_original,,,,,
i298naka,jirou.jpg,,33.848057916464,132.76878677743,,å¤§å­¦è¿‘ãã®æ¬¡éƒç³»ãƒ©ãƒ¼ãƒ¡ãƒ³å±‹ã•ã‚“
i298naka,jirou.jpg_original,,,,,
i298naka,nikka.JPG,,43.055879333491,141.35343394352,,åŒ—æµ·é“ã«è£½é€ æ‹ ç‚¹ãŒã‚ã‚‹ãƒ‹ãƒƒã‚«ã‚¦ãƒ°ã‚¹ã‚­ãƒ¼ã®çœ‹æ¿ã§ã™
i298naka,nikka.JPG_original,,,,,
i298naka,peach.JPG,,34.432764303483,135.23040018134,,é£›è¡Œæ©Ÿã§ã™
i298naka,peach.JPG_original,,,,,
i298naka,poseidon.JPG,,43.194312364894,141.00593907605,,åŒ—æµ·é“ã®æµ·é®®ä¸¼å±‹ã®ãƒã‚»ã‚¤ä¸¼ã§ã™
i298naka,poseidon.JPG_original,,,,,
i298naka,tawa-.JPG,,43.064356036325,141.35797103659,,æœ­å¹Œãƒ†ãƒ¬ãƒ“å¡”ã§ã™
i298naka,tawa-.JPG_original,,,,,
i298naka,yuki.JPG,,35.506373920109,134.6525573731,,å…µåº«ã®ç¥é‹ã‚¹ã‚­ãƒ¼å ´ã§ã™
i298naka,yuki.JPG_original,,,,,
i298naka,zuriponn.jpg,,33.853429055902,132.7615107931,,æ¾å±±å¸‚å†…ã«ã‚ã‚‹å±…é…’å±‹ã®ç¾å‘³ã—ã„ãƒ¡ãƒ‹ãƒ¥ãƒ¼
i298naka,zuriponn.jpg_original,,,,,
i304naka,asakusa.jpg,,,,,
i304naka,etigoyuzawaeki.jpg,,,,,
i304naka,hanayasiki.jpg,,,,,
i304naka,miyazima1.jpg,,,,,
i304naka,miyazima2.jpg,,,,,
i304naka,naeba1.jpg,,,,,
i304naka,naeba2.jpg,,,,,
i304naka,naeba3.jpg,,,,,
i304naka,naeba4.jpg,,,,,
i304naka,niigatanabe.jpg,,,,,
i323nish,BBUF9463.JPG,,,,,
i323nish,CUWS2580.JPEG,2019:08:13 18:18:18,33.8184,132.80497777778,56.650337238197,
i323nish,FRGA8498.JPG,2018:03:25 12:20:15,33.869206355761,132.74571594447,,
i323nish,IMG_6361.JPG,2023:04:17 11:27:58,33.849120718098,132.77061974418,,
i323nish,IMG_6461.JPG,2023:06:24 14:15:34,34.060082013122,132.9291462865,,
i323nish,IMG_6522.JPG,,33.825141915018,132.79679590323,,
i323nish,NXNU3042.JPEG,2018:08:12 19:48:46,33.841357804906,132.76223196311,8.87,
i323nish,OYSE1414.JPEG,2018:08:25 19:08:16,33.853916666667,132.75900277778,27.54,
i323nish,QEXU7284.JPG,2016:03:21 11:31:39,,,,
i323nish,RNML8351.JPG,2016:04:02 14:39:00,34.6555,135.42873849693,,
i323nish,UUIH4394.JPG,2016:08:18 15:42:23,33.83583746305,132.76284871672,,
i323nish,WRMY3508.JPG_original,2017:10:09 10:19:39,,,,
i323nish,YEPQ2010.JPG,,33.830557610994,132.75944881841,,
i323nish,kani.JPG,,34.65514955862,135.42882432755,,
i324nish,IMG_1807.jpg,2021:04:19 17:06:31,33.800730555556,132.69016944444,2.1656424837201,
i324nish,IMG_4552.jpg,2021:12:30 09:19:57,33.882538888889,130.87701388889,7.6297315638667,
i324nish,IMG_4620.JPG,2021:12:30 14:24:41,33.9548,132.18533333333,8.7994237892715,
i324nish,IMG_5198.jpg,2022:04:03 13:41:50,34.296725,132.31980833333,2.9882479453107,
i324nish,IMG_5394.jpg,2022:05:02 16:12:22,34.967255555556,135.77395555556,50.166412359336,
i324nish,IMG_5404.jpg,2022:05:02 16:23:28,34.967613888889,135.77400277778,50.537629119528,
i324nish,IMG_7805.jpg,2023:03:13 17:48:39,34.798236111111,135.24768055556,374.13008130081,
i324nish,IMG_7901.jpg,2023:03:18 13:29:42,43.9118,144.66165277778,7.6369147547099,
i324nish,IMG_7913.jpg,2023:03:19 15:37:29,43.906836111111,144.798875,118.68257443082,
i324nish,IMG_7974.jpg,2023:03:28 10:59:16,33.889611111111,132.70529166667,1.375813234607,
i324nish,IMG_8413.jpg,2023:05:06 15:04:14,34.367366666667,133.82461666667,21.023888780106,
i324nish,IMG_8902.jpg,2023:07:09 19:36:22,33.884936111111,130.88069166667,14.324857713061,
i324nish,IMG_8915.JPG,2023:07:12 13:08:36,33.849061111111,132.77056944444,33.733514784115,
i338hana,aburasoba.jpg,,33.84122,132.77033,,
i338hana,ei.jpg,,34.65496,135.42899,,
i338hana,iemae.jpg,2023:01:24 17:37:02,33.848627227711,132.78263583747,,
i338hana,kagawa.jpg,,34.34644,134.04891,,
i338hana,kaisendon.jpg,,33.58278,130.40874,,
i338hana,kanazawa.jpg,,36.56319,136.66293,,
i338hana,okayamaramen.jpg,,34.75624,134.02066,,
i338hana,oosaka.jpg,,34.66918,135.50131,,
i338hana,pengin.jpg,,34.65438,135.42886,,
i338hana,ramen.jpg,,33.83554,132.7671,,
i339hani,193510.jpg,,33.83915,132.77102,,
i339hani,193510.jpg_original,,,,,
i339hani,193511.jpg,,35.71173,139.79596,,
i339hani,193511.jpg_original,,,,,
i339hani,193512.jpg,,35.712343,139.79711,,
i339hani,193512.jpg_original,,,,,
i339hani,193513.jpg,,35.71306,139.79422,,
i339hani,193513.jpg_original,,,,,
i339hani,193514.jpg,,35.71126,139.79633,,
i339hani,193514.jpg_original,,,,,
i339hani,193520.jpg,,33.83869,132.75397,,
i339hani,193520.jpg_original,,,,,
i339hani,193521.jpg,,33.83971,132.76973,,
i339hani,193521.jpg_original,,,,,
i339hani,193522.jpg,,33.85285,132.77088,,
i339hani,193522.jpg_original,,,,,
i339hani,193523.jpg,,33.84766,132.76147,,
i339hani,193523.jpg_original,,,,,
i339hani,193524.jpg,,33.84095,132.77138,,
i339hani,193524.jpg_original,,,,,
i342kond,1photo.jpg,,34.178797,134.61862830001,,å¦™è¦‹å±±å…¬åœ’
i342kond,2photo.jpg,,35.132122470054,134.66669669,,å³°å±±é«˜åŸãƒªã‚¾ãƒ¼ãƒˆãƒ›ãƒ¯ã‚¤ãƒˆãƒ”ãƒ¼ã‚¯
i342kond,3photo.jpg,,34.181967000098,134.62195,,å²¡å´æµ·å²¸
i342kond,4photo.jpg,,33.088755,129.78635259998,,ãƒã‚¦ã‚¹ãƒ†ãƒ³ãƒœã‚¹
i342kond,5photo.jpg,,34.03811854,134.46268550013,,å¤§æ—¥å¯º
i347higa,myphoto1.jpg,,35.628314437824,139.73523616792,,ãƒãƒ«ã‚»ãƒ«ã‚¢ã‚¯ã‚¢ãƒ‘ãƒ¼ã‚¯å“å·
i347higa,myphoto10.jpg,2019:05:18 09:49:08,43.07836212412,141.34062753425,,åŒ—æµ·é“å¤§å­¦
i347higa,myphoto11.jpg,2020:07:01 19:22:41,33.689791742728,132.63919182709,,ä¸Šç˜æ¼æ¸¯
i347higa,myphoto13.jpg,2019:08:12 12:21:40,34.445991583014,134.28604454014,,äºŒåå››ã®ç³æ˜ ç”»æ‘
i347higa,myphoto2.jpg,2023:02:21 12:54:42,33.851023148639,132.77391151813,,æ„›åª›å¤§å­¦ç†å­¦éƒ¨
i347higa,myphoto3.jpg,,35.632568709378,139.88063757621,,æ±äº¬ãƒ‡ã‚£ã‚ºãƒ‹ãƒ¼ãƒ©ãƒ³ãƒ‰
i347higa,myphoto4.jpg,,35.710071217279,139.81063842773,,æ±äº¬ã‚¹ã‚«ã‚¤ãƒ„ãƒªãƒ¼å±•æœ›å°
i347higa,myphoto5.jpg,,35.716029736102,139.7728729248,,ä¸Šé‡å‹•ç‰©åœ’
i347higa,myphoto6.jpg,2018:09:15 10:42:11,33.672246030698,132.93741378895,,ãµã‚‹ã•ã¨æ—…è¡Œæ‘
i347higa,myphoto7.jpg,2018:08:12 12:31:43,34.331447887971,134.04836735005,,æ —æ—å…¬åœ’
i347higa,myphoto8.jpg,2019:05:15 15:15:17,43.768614600742,142.47619628906,,æ—­å±±å‹•ç‰©åœ’
i347higa,myphoto9.jpg,2019:03:08 18:03:15,33.655307262071,132.58949,,ä¸‹ç˜é§…
i353hiya,ã‚«ãƒ¼ãƒ—.jpg,,,,, ä»Šå¹´åˆã®ã‚«ãƒ¼ãƒ—è¦³æˆ¦
i363fuku,webpro13-1.jpg,,33.84161,132.77031,,
i363fuku,webpro13-10.jpg,,35.121431300006,136.9068142,,
i363fuku,webpro13-2.jpg,,34.15308,134.44019,,
i363fuku,webpro13-3.jpg,,34.06707,134.54874,,
i363fuku,webpro13-4.jpg,,35.091939199942,136.877828,,
i363fuku,webpro13-5.jpg,,35.02985809997,136.7337914,,
i363fuku,webpro13-6.jpg,,34.458406,136.7238008,,
i363fuku,webpro13-7.jpg,,34.112841400027,134.49080680004,,
i363fuku,webpro13-8.jpg,,33.839148199984,132.7699949,,
i363fuku,webpro13-9.jpg,,33.851764699992,132.7586463,,
i388maek,cat.jpg,,33.849324042201,132.76627367752,,
i388maek,cat.jpg_original,,,,,
i388maek,seto.jpg,,34.429793631681,133.8051563473,,
i388maek,seto.jpg_original,,,,,
i388maek,tama.jpg,,34.459681647435,133.88514686631,,
i388maek,tama.jpg_original,,,,,
i392maed,bonito.JPG,2023:04:15 13:37:12,33.509788888889,133.57478333333,10.790200242718,
i392maed,disney.JPG,2019:06:27 19:32:23,35.624294444444,139.88778611111,11.547973632812, å¤œã®ãƒ‡ã‚£ã‚ºãƒ‹ãƒ¼
i392maed,itsukushima_shrine.JPG,2023:03:12 17:06:32,34.297194444444,132.31851111111,1.7306785758591,
i392maed,kiyomizu_temple.JPG,2022:12:30 15:08:43,34.994536111111,135.78544722222,124.92864983535,
i392maed,night_view.JPG,2022:12:29 19:00:49,34.705119444444,135.49014166667,173.36802664446,
i392maed,otter.JPG,2019:06:28 10:08:03,35.728991666667,139.72015277778,56.543884285915,
i392maed,penguin.JPG,2019:06:28 10:08:32,35.729125,139.72038333333,72.548095703125,
i392maed,sea.JPG,2019:08:02 16:15:48,33.995680555556,132.76951666667,4.9996478253214,
i392maed,shikoku_karst.JPG,2021:08:28 14:36:57,33.472,132.98126111111,1386.3265839321, å››å›½ã‚«ãƒ«ã‚¹ãƒˆ
i392maed,sweetfish.JPG,2023:03:19 16:37:05,35.714561111111,139.79614166667,5.5169334640096,
i402mach,MAZDA Zoom-Zoom ã‚¹ã‚¿ã‚¸ã‚¢ãƒ åºƒå³¶.jpg,2022:08:17 13:16:28,34.392144444444,132.48330555556,15.656248092302,åºƒå³¶æ±æ´‹ã‚«ãƒ¼ãƒ—ã®æœ¬æ‹ åœ°ã¨ã—ã¦ä½¿ç”¨ã•ã‚Œã‚‹é‡çƒå ´
i402mach,ãƒãƒªãƒ³ãƒ‘ãƒ¼ã‚¯æ–°å±…æµœ.jpg,2023:05:04 17:25:01,33.989794444444,133.33120833333,8.0727386411005,ç€¬æˆ¸å†…æµ·ã‚’æ€ã†å­˜åˆ†æ¥½ã—ã‚ã‚‹ãƒªã‚¾ãƒ¼ãƒˆå‹ç·åˆãƒãƒªãƒ¼ãƒŠ
i402mach,ä¸­è¯è¡—.jpg,2021:11:06 08:38:37,35.444047222222,139.64790277778,0.3179931640625,ç´„600è»’ä»¥ä¸Šã®åº—ãŒã²ã—ã‚ãä¸–ç•Œæœ€å¤§ç´šã®è¦æ¨¡ã‚’èª‡ã‚‹ä¸­è¯è¡—
i402mach,äº¬ã‚»ãƒ©ãƒ‰ãƒ¼ãƒ å¤§é˜ª.jpg,2022:12:17 14:02:45,34.669497222222,135.47758611111,0.46918117850544,é‡çƒã‚„ãã®ä»–ã®ã‚¹ãƒãƒ¼ãƒ„ã€ã‚³ãƒ³ã‚µãƒ¼ãƒˆã‚„ã‚¤ãƒ™ãƒ³ãƒˆãŒé–‹å‚¬ã•ã‚Œå¤§é˜ªã«ã‚ã‚‹ã‚‹å¤šç›®çš„æ–½è¨­
i402mach,åŠã£ã¡ã‚ƒã‚“ã‚¹ã‚¿ã‚¸ã‚¢ãƒ .jpg,2022:04:12 20:19:30,33.808827777778,132.74823055556,20.387683869359,3ä¸‡äººåå®¹å¯èƒ½ãªã‚¹ã‚¿ãƒ³ãƒ‰åŠã³ã€ãƒŠã‚¤ã‚¿ãƒ¼è¨­å‚™ã‚’å‚™ãˆãŸã€é‡çƒç‹å›½æ„›åª›ã€ã«ãµã•ã‚ã—ã„é‡çƒå ´
i402mach,æ„›åª›ãƒˆãƒ¨ãƒšãƒƒãƒˆã€€ãƒªãƒšãƒƒãƒˆã€€æ–°å±…æµœ.jpg,2022:10:18 18:24:57,33.927319444444,133.2632,44.360939028366,10æœˆåŠã°ã«æ–°å±…æµœåç‰©ã€Œæ–°å±…æµœå¤ªé¼“ç¥­ã‚Šã€ã§ä½¿ç”¨ã•ã‚ŒãŸ
i402mach,æ±äº¬ãƒ‰ãƒ¼ãƒ .jpg,2022:11:12 16:18:21,35.704655555556,139.75306666667,15.645993245318,æ—¥æœ¬ã§åˆã¨ãªã‚‹å¤§è¦æ¨¡ã‚¨ã‚¢ãƒ‰ãƒ¼ãƒ å»ºç¯‰ç‰©ã§æ±äº¬ã®ãƒ©ãƒ³ãƒ‰ãƒãƒ¼ã‚¯çš„å½¹å‰²ã‚’æ‹…ã†
i402mach,æ¨ªæµœã‚¹ã‚¿ã‚¸ã‚¢ãƒ .jpg,2021:11:06 12:43:10,35.443222222222,139.63870277778,35.495155362513,æ¨ªæµœDeNAãƒ™ã‚¤ã‚¹ã‚¿ãƒ¼ã‚º ã®æœ¬æ‹ åœ°ã¨ã—ã¦ä½¿ç”¨ã•ã‚Œã‚‹é‡çƒå ´
i402mach,ç†±æµ·.jpg,2023:02:21 09:06:53,35.108005555556,139.08398333333,89.374710084423,æ¸©æ³‰ã§æœ‰åãªç†±æµ·ã®æ—…é¤¨ã‹ã‚‰æ’®ã£ãŸä¸€æš
i402mach,é›·é–€.jpg,2022:11:12 13:38:54,35.711047222222,139.796325,2.2323265079218,æµ…è‰å¯ºã®å…¥ã‚Šå£ã§æ­£å¼åç§°ã¯é¢¨ç¥é›·ç¥é–€
i403mats,notepc.jpg,2023:07:12 14:08:11,33.849266666667,132.77046111111,33.657722470672,
i410mats,s1.jpg,,33.655289400895,132.58933979559,,
i410mats,s1.jpg_original,,,,,
i410mats,s2.jpg,,,,,
i417mana,webpro13-arashiyama.JPG,2017:08:12 09:45:11,35.00998,135.66701,,åµå±±ã‚’ä¸Šã‚‹é€”ä¸­ã«ã‚ã£ãŸæ™¯è‰²
i417mana,webpro13-dougo.JPG,2022:01:07 22:20:46,33.848541432321,132.78637642151,,ãƒ©ã‚¤ãƒˆã‚¢ãƒƒãƒ—ã•ã‚ŒãŸé€šè·¯
i417mana,webpro13-hokudai.JPG,,43.07805,141.33994,,åŒ—æµ·é“å¤§å­¦è¾²å­¦éƒ¨æ£Ÿã®ã‚ˆã†ã™
i417mana,webpro13-isuzugwa.JPG,2022:11:11 11:05:12,34.4611,136.72446,,ä¼Šå‹¢ç¥å®®ã«ã‚ã‚‹ã‚ˆãå°éŠ­ãŒæŠ•ã’å…¥ã‚Œã‚‰ã‚Œã¦ã„ã‚‹å·ï¼ˆæœ¬æ¥ã¯ãƒ€ãƒ¡ï¼‰
i417mana,webpro13-iyo.JPG,2022:04:16 13:14:09,33.763197222222,132.74305555556,77.094627383016,å±±å¥¥ã«ã‚ã‚‹å’Œé£Ÿåº—
i417mana,webpro13-kiroro.JPG,,43.07585,140.98312,,ä¿®å­¦æ—…è¡Œã§æ­¢ã¾ã£ãŸé«˜ç´šãƒªã‚¾ãƒ¼ãƒˆãƒ›ãƒ†ãƒ«
i417mana,webpro13-lake.JPG,2019:06:25 17:19:26,43.52912,142.60105,,ç™½é‡‘é’ã®æ± ã¨å‘¼ã°ã‚Œã‚‹è¦³å…‰åœ°
i417mana,webpro13-terebitou.JPG,,43.06124,141.3564,,å±•æœ›å°ã®çœºã‚ãŒç¶ºéº—ãªãƒ†ãƒ¬ãƒ“å¡”å¤–è¦‹
i417mana,webpro13-tondagawa.JPG,2018:04:02 15:46:20,34.03843,133.02979,,æ¡œã®æœ¨ãŒå·æ²¿ã„ã«å¤§é‡ã«ã‚ã‚‹
i417mana,webpro13-usj.JPG,2023:03:06 18:45:52,34.66759,135.43543,,è¨€ã‚ãšã¨çŸ¥ã‚ŒãŸUSJ
i418mana,flower.jpg,,33.087820871482,129.78944400711,, ãƒã‚¦ã‚¹ãƒ†ãƒ³ãƒœã‚¹ã®èŠ±ã§ã™
i418mana,flower.jpg_original,,,,,
i418mana,hawai.jpg,,21.285404427363,157.83681921608,, ãƒãƒ¯ã‚¤ã§æ³Šã¾ã£ãŸãƒ›ãƒ†ãƒ«ã§ã™
i418mana,hawai.jpg_original,,,,,
i418mana,hb.jpg,,33.087390702126,129.7885284153,, ãƒã‚¦ã‚¹ãƒ†ãƒ³ãƒœã‚¹ã®å†™çœŸã§ã™
i418mana,hb.jpg_original,,,,,
i418mana,hokkaidou.jpg,,43.00238006167,143.0988849896,, åŒ—æµ·é“ã®å†™çœŸã§ã™
i418mana,hokkaidou.jpg_original,,,,,
i418mana,kaihinn.jpg,,33.664502370087,130.36174017603,, æµ·æµœå…¬åœ’ã§ã™
i418mana,kaihinn.jpg_original,,,,,
i418mana,korea.jpg,,37.561188586356,126.99274093652,,
i418mana,korea.jpg_original,,,,,
i418mana,kyouto.jpg,,34.994593162618,135.74934405849,, äº¬éƒ½ã®ç¥­ã‚Šã®å†™çœŸã§ã™
i418mana,kyouto.jpg_original,,,,,
i418mana,megane.jpg,,32.846563421014,130.06168158806,, é•·å´çœŒã®çœ¼é¡æ©‹ã§ã™
i418mana,megane.jpg_original,,,,,
i418mana,sakana.jpg,,33.976615338507,133.51488596024,, æ ¹é­šã§ã™
i418mana,sakana.jpg_original,,,,,
i418mana,sakura.jpg,,33.968457940342,133.29212297033,, æº€é–‹ã®æ¡œã§ã™
i418mana,sakura.jpg_original,,,,,
i420maru,saitama_super.jpg,,33.84893,132.77057,,
i420maru,saitama_super.jpg_original,,,,,
i424mits,enokorogusa.jpg,,33.8410325,132.76288709998,,
i424mits,gennsizinn.jpg,2023:07:14 13:12:30,33.841126699995,132.7527268,23.260623925325,
i424mits,hirome.jpg,2023:06:03 13:40:47,33.560243499898,133.53607059999,,
i424mits,kimazui.jpg,2023:06:07 19:04:45,33.8498956,132.7717859,33.067581198305,
i424mits,koneko.jpg,2023:06:03 08:42:07,33.747453399979,132.82580169999,,
i424mits,kusa.jpg,2023:06:04 13:12:57,33.547872,133.57918540005,106.60446160446,
i424mits,nazuna.jpg,,33.840627900015,132.76320930013,,
i424mits,pepe.jpg,2023:06:21 02:49:25,33.8466675,132.77792220009,35.896228802835,
i424mits,tannpopo.jpg,2023:05:05 17:50:42,33.74921909998,132.82592540001,,
i424mits,tyuui.jpg,2023:07:13 23:35:09,33.847635199941,132.76922020001,,
i428mine,eiga.jpg,,33.85411,132.74682,, ã‚µãƒ³ã‚·ãƒ£ã‚¤ãƒ³çµ¹å±±
i428mine,eiga.jpg_original,,,,,
i428mine,maneki.jpg,,33.83766,132.76985,, å¤§è¡—é“ã®ã¾ã­ãã­ã“
i428mine,maneki.jpg_original,,,,,
i428mine,misd.jpg,,33.86668,132.75856,, ãƒŸã‚¹ãƒ‰ã§ä¸€æœ
i428mine,misd.jpg_original,,,,,
i428mine,myumyu.jpg,,33.83932,132.77,, ãƒœãƒªãƒ¥ãƒ¼ãƒ æº€ç‚¹ã®ã‚¤ãƒã‚´ãƒ‘ãƒ•ã‚§
i428mine,myumyu.jpg_original,,,,,
i428mine,outlet.jpg,,34.41013,132.39794,, ã‚¢ã‚¦ãƒˆãƒ¬ãƒƒãƒˆåºƒå³¶
i428mine,outlet.jpg_original,,,,,
i428mine,photo1.jpeg,,33.84893,132.77057,,æ„›åª›å¤§å­¦å·¥å­¦éƒ¨æ£Ÿæœ¬é¤¨7éš
i428mine,photo1.jpeg_original,,,,,
i428mine,stkl.jpg,,33.83367,132.77002,, æ¡ƒãƒ‘ãƒ•ã‚§ã‚ã¡ã‚ƒã†ã¾ã„
i428mine,stkl.jpg_original,,,,,
i428mine,syoyo.jpg,,34.39865,132.46029,, èµ¤åœŸã®ã‚³ãƒ¼ãƒˆã§ã™
i428mine,syoyo.jpg_original,,,,,
i428mine,ueno.jpg,,34.41298,132.46283,, ãƒ©ã‚¤ãƒ–ã¨ã‹è¡Œã‚ã‚Œã‚‹ä¸Šé‡å­¦åœ’ãƒ›ãƒ¼ãƒ«
i428mine,ueno.jpg_original,,,,,
i428mine,zoo.jpg,,43.05172,141.30777,, åŒ—æµ·é“ã§è¡Œã£ãŸå††å±±å‹•ç‰©åœ’
i428mine,zoo.jpg_original,,,,,
i434miyo,kaki.jpg,,,,,ãŠæ°—ã«å…¥ã‚Šã®å±…é…’å±‹ã§é£Ÿã¹ãŸå¤©ç„¶ç”Ÿç‰¡è £
i434miyo,kohun.jpg,,,,,è€ƒå¤å­¦å…¥é–€ã®ãƒ¬ãƒãƒ¼ãƒˆã®ãŸã‚ã«è¨ªã‚ŒãŸ
i434miyo,misaki.jpg,,,,,æ°´å¹³ç·šãŒã¨ã¦ã‚‚ç¶ºéº—
i434miyo,nogisu.jpg,,,,,ãƒãƒ³ãƒãƒ¼ã‚°ãŒçµ¶å“
i434miyo,ramen nomimono.jpg,,,,,ä½•å›é£Ÿã¹ã¦ã‚‚ãŠã„ã—ã„é³¥ç™½æ¹¯ãƒ©ãƒ¼ãƒ¡ãƒ³
i434miyo,ramen.jpg,,,,,ä¸€ç•ªé€šã£ã¦ã„ã‚‹æ¬¡éƒç³»
i434miyo,sakuracafe.jpg,,,,,ãƒã‚¹ã‚¯ãƒãƒ¼ã‚ºã‚±ãƒ¼ã‚­ç¾å‘³
i434miyo,seven.jpg,,,,,æ–°ä½œã®ã‚¹ãƒ ãƒ¼ã‚¸ãƒ¼ç¾å‘³
i434miyo,shuhei.jpg,,,,,å‘³å™ŒãŒãŠã™ã™ã‚
i434miyo,soba.jpg,,,,,ãã°ã¯ã‚‚ã¡ã‚ã‚“å¤©ã·ã‚‰ã‚‚ç¾å‘³
i434miyo,takahama.jpg,,,,,ãƒ•ã‚§ãƒªãƒ¼ä¹—ã‚Šå ´ã¾ã§ã®é“ä¸­
i434miyo,yakibuta.jpg,,,,,Bç´šã‚°ãƒ«ãƒ¡ï¼
i437muko,IMG1.jpg,2018:03:30 16:21:56,34.258069194444,132.57058255556,81.26,åœ°å…ƒã®ç¥ç¤¾
i437muko,IMG10.jpg,2023:05:05 17:31:40,33.705022138889,133.34112044444,369.237,ã«ã“æ·µ
i437muko,IMG2.jpg,2019:10:25 11:40:34,1.2816972222222,103.8639,0,ã‚¬ãƒ¼ãƒ‡ãƒ³ã‚ºãƒ»ãƒã‚¤ãƒ»ã‚¶ãƒ»ãƒ™ã‚¤
i437muko,IMG3.jpg,2019:10:26 22:54:34,1.2815907777778,103.86095408333,0,ä¿®å­¦æ—…è¡Œã§è¡Œã£ãŸã‚·ãƒ³ã‚¬ãƒãƒ¼ãƒ«ã®ãƒãƒªãƒ¼ãƒŠãƒ™ã‚¤ã‚µãƒ³ã‚ºã‹ã‚‰æ’®å½±ã—ãŸå¤œæ™¯
i437muko,IMG4.jpg,2021:02:25 06:35:59,33.840809777778,132.76860919444,84.4,æ„›åª›å¤§å­¦å—é¨“å½“æ—¥ã®æœ
i437muko,IMG5.jpg,2021:04:02 13:17:36,33.843465833333,132.76687136111,192.41,æ¾å±±åŸã¨æ¡œ
i437muko,IMG6.jpg,2022:06:24 19:21:51,33.979313611111,134.60698286111,52.191,ã²ã¡ã‚Šã‚“é¤¨
i437muko,IMG7.jpg,2022:06:26 19:24:51,34.105880472222,132.9831915,0,äº€è€å±±å±•æœ›å…¬åœ’ã‹ã‚‰è¦‹ãˆã‚‹å¤•ç„¼ã‘
i437muko,IMG8.jpg,2022:06:26 20:58:37,34.064357694444,132.99875397222,39.1,ç™½æ¥½å¤©
i437muko,IMG9.jpg,2022:08:23 00:28:20,34.254925583333,132.57406519444,88.8,ã«ã˜ã•ã‚“ã˜æ‰€å±ãƒ»ç¥åŸŸãƒªãƒ¼ã‚¬ãƒ¼ã®ç©ºæ˜Ÿãã‚‰ã‚ã•ã‚“ã¨å¶ç„¶å¯¾å±€
i446moha,ã‚¦ã‚§ãƒ–ãƒ—ãƒ­ã‚°ãƒ©ãƒŸãƒ³ã‚°13.jpg,,,,,
i450mori,photo.JPG,,35.632896,139.880394,,
i450mori,photo.JPG_original,,,,,
i460yagi,cat.jpg,,,,,çŒ«
i460yagi,fireworks.jpg,,,,,
i468yano,beppu.jpg,2022:09:17 19:54:57,33.279781000119,131.500233,,
i468yano,bunkakaikan.jpg,,33.848444,132.779722,,
i468yano,dogo_hakuro.jpg,,33.853737857194,132.78526246549,,
i468yano,goichi.jpg,2023:06:25 12:51:11,33.841474177894,132.77029708027,,
i468yano,hakata_station.jpg,2022:09:17 12:03:12,33.59,130.420611,,
i468yano,isso.jpg,2022:09:17 13:07:27,33.586378591796,130.42509824038,,
i468yano,kazurabashi.jpg,2022:03:14 10:08:13,33.875261449343,133.83510589599,,
i468yano,parkweston.jpg,,34.078644915327,134.55107197166,,
i468yano,siawasenopankeki.jpg,2018:09:21 12:18:40,35.657420581822,139.69638458966,,
i468yano,sumile.jpg,,33.847420508463,132.76371091607,,
i475yama,cat.jpg,,,,,
i475yama,nikofuti.jpg,,33.70451554267,133.34159707587,,
i475yama,nikofuti.jpg_original,,,,,
i475yama,osaka.jpg,,33.84893,132.77057,,
i475yama,shin.jpg,,33.83489904846,132.99153655978,,
i475yama,shin.jpg_original,,33.84893,132.77057,,
i485yama,osaka.jpg,,33.84893,132.77057,,test
i498yosh,anp.jpg,,,,,ã‚¢ãƒ³ãƒ‘ãƒ³ãƒãƒ³ã¯å›ã•
i502waki,unnamed.jpg,,,,,
i503wada,akabashi.jpg,,33.559950689983,133.54266466904,2.2,é«˜çŸ¥çœŒã®åæ‰€ã¯ã‚Šã¾ã‚„æ©‹
i503wada,ishidutisan.jpg,,33.783880516465,133.18996677051,1623.3,è¥¿æ—¥æœ¬æœ€é«˜å³°ã®çŸ³éšå±±
i503wada,keni-road.jpg,,32.801558867395,131.04326626284,664.7,ãƒã‚¤ã‚¯ç•Œéšˆã®è–åœ°
i503wada,kokemushiro.jpg,,33.431631514004,132.52134445676,269.4,å››å›½å…«åå…«æ™¯
i503wada,koutijyou.jpg,,33.560862184874,133.53157118272,39.9,é«˜çŸ¥çœŒã®ãŠåŸ
i503wada,kyanarucity.jpg,,33.589830145643,130.41108483608,2.2,ç¦å²¡ã®ã‚·ãƒ§ãƒƒãƒ”ãƒ³ã‚°ã‚»ãƒ³ã‚¿ãƒ¼
i503wada,shikokukarusuto.jpg,,33.472332218702,132.98063150386,1344.5,æ—¥æœ¬ä¸‰å¤§ã‚«ãƒ«ã‚¹ãƒˆã®ä¸€ã¤
i503wada,shimanami.jpg,,34.10996301715,132.97815514759,4.3,ã—ã¾ãªã¿æµ·é“ãŒè¦‹ã‚Œã‚‹ãƒ•ã‚©ãƒˆã‚¹ãƒãƒƒãƒˆ
i503wada,shimonada.jpg,,33.655173330571,132.58930761351,12,æ—¥æœ¬ä¸€æµ·ã«è¿‘ã„é§…
i503wada,yawatahamakou.jpg,,33.458547229573,132.41534212256,2.7,ã€Œã™ãšã‚ã®æˆ¸ç· ã‚Šã€ã«ã‚‚å‡ºã¦ãŸ
i510kand,awaji-midori.jpeg,2018:05:11 13:55:18,34.574180555556,134.99815277778,159.04207920792,å­¦å¤–ç ”ä¿®ã®éš›ã«å¯„ã£ãŸå…¬åœ’ã®ç·‘
i510kand,iioka-itasya.jpeg,2020:09:21 16:44:53,33.919975,133.22972222222,37.027442934086,2å¹´é€£ç¶šã§è¦‹ã‹ã‘ãŸç—›è»Š
kuroda,å…«å¹¡æµœå¸‚/PXL_20221119_045942025.jpg,2022:11:19 13:59:42,33.495333333333,132.38208055556,245.48,å¤§å³ éš§é“
kuroda,å…«å¹¡æµœå¸‚/PXL_20221119_050318267.MP.jpg,2022:11:19 14:03:18,33.494741666667,132.38343888889,245.4,å¤§å³ éš§é“
kuroda,æ¾å±±å¸‚/DSC_0005.JPG,2019:05:03 16:41:35,33.934166666667,132.84555555556,957,å¤§æœˆå±±å±•æœ›å°(å°‘ã—ä¸ä¾¿ãªå ´æ‰€ã«ã‚ã‚‹ã®ã§äººãŒã„ãªã„)
kuroda,æ„›å—ç”º/PXL_20201201_032543527.jpg,2020:12:01 12:25:43,32.9502,132.549225,172.6,å®‡å’Œæµ·å±•æœ›ã‚¿ãƒ¯ãƒ¼
kuroda,æ„›å—ç”º/PXL_20201201_033823388.jpg,2020:12:01 12:38:23,32.9502,132.549225,172.6,ç´«é›»æ”¹å±•ç¤ºé¤¨ï¼ˆå…¥é¤¨ç„¡æ–™ï¼‰
kuroda,å®‡å’Œå³¶å¸‚/PXL_20211014_070733184.jpg,2021:10:14 16:07:33,33.182108333333,132.42853055556,38.67,è’‹æ¸•ã®ç”Ÿç°€ã«è¨­ç½®ã—ãŸæµ·æ°´æ¸©è¦³æ¸¬è£…ç½®
kuroda,å®‡å’Œå³¶å¸‚/PXL_20221118_074617787.jpg,2022:11:18 16:46:17,33.22735,132.53327777778,46,ä¹å³¶ï¼ˆãƒã‚¤ã‚¯ãªã‚‰ä¸€å‘¨ã§ãã¾ã™ï¼‰
kuroda,ä¼Šæ–¹/PXL_20210730_051213305.jpg,2021:07:30 14:12:13,33.4761,132.35436666667,37.52,
kuroda,ä¼Šæ–¹/PXL_20210730_053227398.MP.jpg,2021:07:30 14:32:27,33.476133333333,132.35434166667,30.07,
kuroda,ä¼Šæ–¹/PXL_20210730_053232460.jpg,2021:07:30 14:32:32,33.476133333333,132.35434166667,30.07,
kuroda,ä¼Šæ–¹/PXL_20210730_053357862.MP.jpg,2021:07:30 14:33:57,33.476116666667,132.35438611111,32.53,
kuroda,ä¼Šæ–¹/PXL_20210730_053405799.MP.jpg,2021:07:30 14:34:05,33.476116666667,132.35438611111,32.53,
kuroda,ä¼Šæ–¹/PXL_20210730_053408907.jpg,2021:07:30 14:34:08,33.476116666667,132.35438611111,32.53,
kuroda,ä¼Šæ–¹/PXL_20210730_053412193.jpg,2021:07:30 14:34:12,33.476116666667,132.35438611111,32.53,
kuroda,ä¼Šæ–¹/PXL_20210730_053415465.jpg,2021:07:30 14:34:15,33.476116666667,132.35438611111,32.53,
kuroda,ä»Šæ²»å¸‚/IMG_20190929_132142.jpg,2019:09:29 13:21:42,34.192655555556,132.86217777778,72.13,æ„›åª›çœŒã¨åºƒå³¶çœŒã®çœŒå¢ƒ
kuroda,ä»Šæ²»å¸‚/IMG_20190929_133227.jpg,2019:09:29 13:32:27,34.184738888889,132.88436388889,24.4,å²¡æ‘å³¶æ¸¯
kuroda,ä»Šæ²»å¸‚/IMG_20190929_133614.jpg,2019:09:29 13:36:14,34.179975,132.87892222222,160.98,ãƒŠã‚¬ã‚¿ãƒ‹å±•æœ›å°
kuroda,ä»Šæ²»å¸‚/IMG_20200919_144109.jpg,2020:09:19 14:41:09,34.124533333333,132.94454722222,168.67,å¡”ã®å³°å±•æœ›å°
kuroda,ä»Šæ²»å¸‚/IMG_20200919_144242.jpg,2020:09:19 14:42:42,34.124591666667,132.94455833333,151.13,å¡”ã®å³°å±•æœ›å°
kuroda,ä»Šæ²»å¸‚/IMG_20200919_150537.jpg,2020:09:19 15:05:37,34.140447222222,132.94134722222,61.87,å¤§è§’æµ·æµœå…¬åœ’å±•æœ›å°
kuroda,ä»Šæ²»å¸‚/IMG_20200919_152708.jpg,2020:09:19 15:27:08,34.106894444444,132.95371111111,185,æµ·å±±åŸå±•æœ›å…¬åœ’
kuroda,ä»Šæ²»å¸‚/PXL_20200927_072240728.jpg,2020:09:27 16:22:40,34.115036111111,132.89662222222,50.15,ä¸ƒäº”ä¸‰ãƒ¶æµ¦
kuroda,100å††ã‚·ãƒ§ãƒƒãƒ—/PXL_20210211_045522396.jpg,2021:02:11 13:55:22,33.856836111111,132.71495,52.79,ãƒ€ã‚¤ã‚½ãƒ¼ãƒ•ã‚¸ä¸‰æ´¥æ¾æ±Ÿåº—ã¯è¶…å¤§å‹åº—
kuroda,å¤§æ´²å¸‚/PXL_20210205_054036345.jpg,2021:02:05 14:40:36,33.509727777778,132.55933333333,289.99,å¯Œå£«å±±å…¬åœ’é ‚ä¸Šå±•æœ›å°ã‹ã‚‰ã®çœºã‚
kuroda,å¤§æ´²å¸‚/PXL_20221119_055116801.jpg,2022:11:19 14:51:16,33.611730555556,132.48694722222,42.3,è‚±å·ã‚ã‚‰ã—å±•æœ›å…¬åœ’ã‹ã‚‰ã®é•·æµœå¤§æ©‹
kuroda,æ„›åª›å¤§å­¦/210426æ„›åª›å¤§å­¦å­¦å†….jpg,2021:04:26 12:48:20,33.8493,132.77072777778,71.32,æ„›åª›å¤§å­¦ã®æ­£é–€ã‹ã‚‰ã®é¢¨æ™¯
kuroda,æ„›åª›å¤§å­¦/210426æ„›åª›å¤§å­¦æ­£é–€.jpg,2021:04:26 12:02:38,33.848772222222,132.77279166667,64.91,æ„›åª›å¤§å­¦ã®æ­£é–€
kuroda,æ„›åª›å¤§å­¦/PXL_20210206_041424905.jpg,2021:02:06 13:14:24,33.849288888889,132.77266111111,64.19,æ„›åª›å¤§å­¦å†… é›²ã®ãªã„æ—¥ã«æ’®ã‚Šã¾ã—ãŸ
kuroda,æ„›åª›å¤§å­¦/PXL_20210206_041814435.jpg,2021:02:06 13:18:14,33.849436111111,132.77182222222,64.5,æ„›åª›å¤§å­¦å†… é›²ã®ãªã„æ—¥ã«æ’®ã‚Šã¾ã—ãŸ
kuroda,æ„›åª›å¤§å­¦/PXL_20210220_034419805.jpg,2021:02:20 12:44:19,33.849263888889,132.77283055556,66.65,æ„›åª›å¤§å­¦å†… é›²ã®ãªã„æ—¥ã«æ’®ã‚Šã¾ã—ãŸ
kuroda,æ„›åª›å¤§å­¦/PXL_20210220_034743082.jpg,2021:02:20 12:47:43,33.849341666667,132.77080277778,63.85,æ„›åª›å¤§å­¦å†… é›²ã®ãªã„æ—¥ã«æ’®ã‚Šã¾ã—ãŸ
